id,Label,Type,Text,Comprehension,Captum,Hummingbird scores,Dwell 0-mean,FFD 0-mean,FRD 0-mean,Subtractive DT,Subtractive FFD,Subtractive FRD,Captum,Captum Converted,,Judgment,Confidence
1,Negative Sentiment,Movie review,"It feels like an after-school special gussied up with some fancy special effects, and watching its rote plot points connect is about as exciting as gazing at an egg timer for 93 minutes.",The reviewer had an extremely negative impression of the film.,,0.0 0.0 0.0 0.0 0.0 0.0 -0.3333 -0.3333 -0.3333 -0.3333 -0.3333 0.0 -0.3333 0.0 0.0 -0.3333 -0.3333 -0.3333 -0.3333 -0.3333 -0.3333 -0.3333 -0.3333 -0.6667 -0.6667 -0.6667 -0.6667 -0.6667 -0.6667 -0.6667 -0.3333 -0.3333 -0.3333, 0.0 3258.87 0.0 2267.65 5576.0 3194.51 4919.48 0.0 2962.79 5189.82 2949.92 2937.05 1804.23 0.0 2782.57 5949.32 1121.96 1636.88 2834.06 3464.84 0.0 3387.6 1469.53 1932.96 0.0 4095.61 0.0 2254.78 0.0 5872.08 2782.57 5151.2 2113.18, 0 794.83 0 561.58 1236.1 633.29 1215.64 0 732.37 1442.89 776.26 1214.15 460.73 0 790.87 1685.21 469.05 309.34 691.3 831.54 0 867.9 255.95 403.8 0 1093.79 0 506.48 0 1518.56 674.87 1430.57 461.3, 0 1424.14 0 922.26 2089.55 1132.02 1971.3 0 1196.58 2238.82 1238.56 1674.53 752.38 0 1228.24 2594.26 659.08 576.06 1136.34 1370.54 0 1395.39 497.74 714.62 0 1726.74 0 865.23 0 2416.11 1112.24 2220.74 798.96,0.0 7.71 0.0 3.22 0.0 4.23 6.57 0.0 6.72 0.0 7.52 3.17 0.0 0.0 2.53 5.99 0.0 0.83 0.0 3.62 0.0 3.27 1.65 0.62 0.0 3.31 0.0 1.98 0.0 4.17 0.0 3.88 0.0, 0 4.34 6.23 0.0 0.0 0.16 5.74 0 3.37 1.52 4.07 5.08 0.0 0 0.0 5.81 0.0 0.0 0.0 3.53 0 2.27 0.74 0.0 0 3.57 0 0.0 0.0 1.19 1.76 4.77 0.0,0 4.66 5.19 0.0 0.0 0.97 4.8 0 3.28 1.01 3.26 3.85 0.0 0 0.0 5.34 0.0 0.0 0.0 3.08 0 1.98 0.97 0.0 0 2.93 0 0.0 0.0 1.05 1.87 4.47 0.0,0.00 -0.10 0.91 0.01 -0.02 0.02 0.02 -0.04 -0.02 -0.02 -0.03 0.02 -0.01 -0.01 -0.02 -0.05 -0.01 -0.01 0.01 0.01 0.02 0.04 0.00 0.02 -0.06 -0.03 0.07 0.02 -0.02 -0.03 0.37 -0.01 0.03 -0.01 -0.00 -0.00 0.03 -0.01 -0.02 -0.01 0.02 0.00,-0.1 0.91 0.01 -0.02 0.0 -0.02 -0.02 -0.006666666666666665 -0.01 -0.02 -0.05 -0.01 0.0 0.01 0.02 0.04 0.0 -0.019999999999999997 -0.03 0.07 0.02 -0.02 -0.03 0.37 -0.01 0.03 -0.01 0.0 0.0 0.03 -0.01 -0.02 0.005,,Negative,0
2,Negative Sentiment,Movie review,The film's few ideas are stretched to the point of evaporation; the whole central section is one big chase that seems to have no goal and no urgency.,NO_QUESTION,,0.0 0.0 -0.3333 -0.3333 -0.3333 -0.6667 -0.6667 -0.6667 -0.6667 -0.3333 -0.6667 0.0 0.0 0.0 0.0 0.0 0.0 -0.3333 -0.3333 -0.3333 -0.3333 -0.3333 -0.3333 -0.6667 -0.6667 -0.3333 -0.3333 -0.3333, 0.0 9627.99 3217.25 2818.19 0.0 3371.73 0.0 0.0 2959.79 0.0 4144.11 0.0 3474.71 2406.26 5019.47 0.0 0.0 1929.96 1015.98 2779.57 0.0 2110.18 0.0 0.0 2740.95 0.0 0.0 1878.46, 0 2589.83 729.51 687.19 0 863.79 0 0 732.37 0 1110.22 0 896.65 555.76 1139.5 0 0 403.8 112.2 674.87 0 461.3 0 0 662.55 0 0 387.37, 0 4317.27 1232.07 1130.31 0 1389.36 0 0 1196.58 0 1750.83 0 1437.56 937.53 2160.5 0 0 714.62 286.88 1112.24 0 798.96 0 0 1094.16 0 0 690.52, 0.0 4.58 0.0 0.0 0.0 0.0 0.0 0.0 0.0 0.0 0.0 0.0 6.97 0.0 2.69 0.0 0.0 4.16 0.0 0.35 0.0 2.82 0.0 0.0 0.0 1.4 1.59 0.18, 0 3.72 0.0 0.0 0.0 0.0 0.0 2.23 0.0 0 0.0 0 5.26 1.31 0.0 0 6.36 0.0 0.0 0.0 0.0 1.88 0.0 0 1.71 4.39 7.6 1.04, 0 3.74 0.0 0.0 0.0 0.0 0.0 2.35 0.0 0 0.0 0 6.37 1.03 0.0 0 5.88 0.0 0.0 0.0 0.0 2.02 0.0 0 1.36 3.89 7.09 0.96,0.00 -0.01 0.07 -0.07 0.02 0.10 0.01 -0.06 0.38 0.01 0.08 0.13 -0.03 0.01 0.09 -0.12 0.17 0.19 -0.16 -0.09 -0.08 -0.16 0.05 0.11 -0.54 0.12 0.25 -0.02 -0.17 -0.05 -0.11 -0.10 -0.11 0.45 0.08 0.00,-0.01 0.006666666666666667 0.1 0.01 -0.06 0.38 0.01 0.08 0.13 -0.03 0.037500000000000006 0.19 -0.16 -0.09 -0.08 -0.16 0.05 0.11 -0.54 0.12 0.25 -0.02 -0.17 -0.05 -0.11 -0.1 -0.11 0.265,,Negative,0
3,Negative Sentiment,Tweet,"I feel exhausted ...I tried to do a good job, but apparently God does not see me right. I'm weary! I EXIST! #exist #weary #misonorotta",The author of the tweet is likely feeling demoralized.,,0.0 -0.6667 -1.0 0.0 0.0 0.0 0.0 0.0 0.0 0.0 -0.3333 0.0 -0.6667 -0.3333 -0.6667 -0.6667 -0.6667 -0.6667 -0.6667 -1.0 0.0 0.0 0.0 -0.6667 0.0, 0.0 2084.05 2393.0 0.0 3487.2 0.0 0.0 0.0 2393.0 0.0 0.0 3706.04 2534.6 3088.14 217.47 3615.93 4053.61 2920.79 2212.78 4671.52 0.0 1787.97 4452.68 5199.31 15394.69, 0 465.41 513.98 0 913.08 0 0 0 468.98 0 0 836.9 609.15 785.76 0.0 954.15 967.79 732.37 506.48 1269.93 0 415.94 1122.11 1243.32 3728.12, 0 804.99 899.58 0 1461.66 0 0 0 949.58 0 0 1564.07 1015.85 1274.9 0.0 1521.9 1726.74 1196.58 865.23 2278.91 0 711.43 1814.49 2046.92 7050.31, 0.0 0.0 0.0 0.0 2.88 0.0 0.0 2.49 0.0 0.0 0.0 1.87 0.0 4.76 0.0 5.12 1.34 4.39 1.91 0.0 0.0 0.0 0.0 0.0 0.0, 0 0.0 0.0 0.0 2.98 0.0 0.0 4.04 0.0 0.63 0.0 0.02 0.0 3.94 0.0 3.23 5.76 2.49 3.5 0.0 0 0.0 0.0 5.52 5.53, 0 0.0 0.0 0.0 2.84 0.0 0.0 3.94 0.96 0.76 0.0 0.0 0.0 3.62 0.0 3.12 6.66 2.26 3.55 0.0 0 0.0 0.0 4.86 7.48,0.00 -0.04 -0.01 0.28 0.01 0.03 0.04 0.00 0.01 0.01 -0.03 0.03 -0.18 0.03 -0.01 0.00 -0.07 0.01 -0.03 0.05 0.02 -0.01 0.04 -0.03 0.02 -0.04 -0.09 0.51 -0.04 0.06 -0.40 -0.00 -0.17 -0.33 -0.19 -0.09 -0.16 0.17 -0.08 0.14 0.42 0.00,-0.04 -0.01 0.28 0.02 0.01 0.01 -0.03 0.03 -0.18 0.009999999999999998 0.0 -0.07 0.01 -0.03 0.05 0.02 -0.01 0.005000000000000001 -0.03666666666666667 0.23500000000000001 0.06 -0.2 -0.25 -0.14 0.098,,Negative,0
4,Negative Sentiment,Movie review,"The movie, directed by Mick Jackson, leaves no cliche unturned, from the predictable plot to the characters straight out of central casting.",The reviewer seemed to have mixed emotions about the film.,,0.0 0.0 0.0 0.0 0.0 0.0 -0.3333 -0.3333 -1.0 -0.3333 0.0 0.0 -1.0 -0.6667 0.0 0.0 -0.6667 -0.3333 -0.6667 -0.6667 -1.0 -1.0,,,, 0.0 0.94 0.0 0.63 0.0 1.02 0.0 0.0 7.38 0.0 2.05 0.0 1.52 0.0 0.0 2.29 1.86 0.66 0.0 0.0 1.19 1.38, 0 2.78 0.12 0.0 0.5 0.53 0.0 2.48 11.89 0.0 1.92 0.0 0.0 0.0 0.0 2.38 1.54 2.73 0 0.22 1.37 1.29, 0 3.5 0.03 0.0 0.39 0.19 0.0 2.06 12.28 0.0 2.01 0.0 0.0 0.0 0.0 2.24 1.81 2.75 0 0.02 2.26 1.17,0.00 0.03 -0.05 -0.10 -0.48 0.03 -0.07 -0.11 -0.00 -0.46 -0.03 0.39 0.35 0.11 0.24 -0.02 -0.04 0.04 0.06 0.03 0.18 -0.00 -0.04 0.11 -0.02 -0.11 0.02 -0.09 -0.32 -0.03 0.00,0.03 -0.07500000000000001 -0.48 0.03 -0.07 -0.055 -0.46 -0.03 0.39 0.12799999999999997 0.04 0.06 0.03 0.18 0.0 -0.04 0.11 -0.02 -0.11 0.02 -0.09 -0.175,,Negative,0.04
5,Negative Sentiment,Tweet,Some 'friends' get bitter when it seems your life is moving better than theirs.,NO_QUESTION,,0.0 -0.6667 0.0 -1.0 0.0 0.0 0.0 0.0 0.0 0.0 0.0 0.0 0.0 0.0, 2446.49 4351.69 2909.92 1867.21 2240.53 3218.87 3257.49 0.0 2575.22 2343.51 2858.43 2395.0 1995.94 3862.52, 580.4 1020.25 728.26 258.59 514.69 826.83 726.15 0 621.47 547.55 711.83 450.98 436.66 1032.18, 973.67 1865.3 1190.56 565.57 877.28 1335.14 1240.22 0 1033.92 925.48 1166.46 836.58 762.82 1636.37, 0.0 10.07 0.0 0.39 0.0 5.35 0.0 0.0 2.06 3.38 0.0 2.1 0.0 0.0, 0.0 7.63 0.0 0.0 2.06 0.57 0.0 4.11 0.0 0.35 0.0 0.64 0.0 0.0, 0.0 8.34 0.0 0.0 2.16 0.82 0.0 3.54 0.0 0.59 0.0 0.39 0.0 0.0,0.00 0.02 0.14 -0.04 -0.02 0.00 0.40 0.19 -0.08 0.11 0.22 0.07 -0.09 0.12 -0.10 0.11 -0.74 -0.34 0.00,0.02 0.02666666666666667 0.0 0.4 0.19 -0.08 0.11 0.22 0.07 -0.09 0.12 -0.1 0.11 -0.54,,Negative,0.05
6,Negative Sentiment,Tweet,@BBCBreaking I have some mistrust of the medical profession.  The cover up was more important than the patients.,NO_QUESTION,,0.0 -0.3333 -0.3333 -0.3333 -0.6667 -0.3333 -0.3333 -0.3333 -0.3333 -0.3333 -0.6667 -0.6667 -0.3333 -0.3333 -0.3333 -0.3333 -0.3333 -0.3333,,,, 4.6 0.0 0.0 0.0 0.0 4.98 0.0 2.31 2.74 0.0 0.0 0.0 2.38 1.69 0.0 3.09 1.14 5.63, 3.83 0.0 0.0 0.0 0.0 0 0 2.38 1.63 0.0 0.0 0.0 1.33 1.51 0.0 1.9 0.62 4.6, 2.37 0.0 0.0 0.0 0.0 0 0 1.78 1.5 0.0 0.0 0.0 0.8 1.42 0.0 1.12 0.97 4.0,0.00 0.95 -0.02 -0.14 0.02 -0.01 0.04 -0.01 -0.07 0.04 0.03 -0.03 0.01 -0.11 -0.11 -0.00 -0.00 -0.08 -0.05 -0.12 -0.05 -0.04 -0.04 -0.01 0.05 0.05 0.00,0.46499999999999997 -0.043333333333333335 0.04 -0.01 -0.07 0.013333333333333336 0.01 -0.11 -0.03666666666666667 -0.08 -0.05 -0.12 -0.05 -0.04 -0.04 -0.01 0.05 0.05,,Negative,0.05
7,Negative Sentiment,Tweet,I have actually watch drugs destroy an entire family Mother's on skid row. Oldest daughter lost her child. Father is estranged. #horrific,NO_QUESTION,,0.0 0.0 0.0 0.0 -0.6667 -1.0 0.0 0.0 0.0 0.0 0.0 -0.3333 -0.3333 0.0 0.0 -1.0 -0.6667 -0.6667 0.0 0.0 -1.0 -0.6667, 0.0 121.9 3056.93 2027.1 623.94 0.0 3443.12 1486.43 1846.87 4305.61 1319.08 2709.36 0.0 791.29 4176.88 392.23 3237.15 0.0 1100.24 0.0 4923.51 1319.08, 0 16.4 785.81 493.25 45.58 0 945.03 327.75 440.75 915.2 292.36 554.92 0 115.97 916.13 0.0 778.31 0 197.54 0 1274.34 267.36, 0 65.66 1499.25 826.29 169.62 0 1488.98 580.26 746.95 1587.62 519.94 989.59 0 264.94 1569.38 61.18 1291.59 0 392.53 0 2038.8 494.94, 0.0 0.0 0.0 2.68 0.0 0.49 2.53 4.51 0.0 2.04 0.27 1.56 0.99 0.0 2.0 0.0 2.36 2.79 0.0 2.5 12.6 11.23, 0 0.0 0.0 3.15 0.0 0.3 2.8 1.38 0.0 2.28 2.06 0.0 1.87 0.0 1.85 0.0 2.29 4.49 0.0 0 9.7 5.57, 0 0.0 0.0 2.73 0.0 0.99 2.27 1.54 0.0 1.92 1.5 0.42 1.46 0.0 2.14 0.0 2.61 4.93 0.0 0 11.51 5.61,0.00 0.31 0.05 0.31 0.15 -0.14 0.06 0.02 0.03 -0.02 -0.05 0.00 -0.01 0.05 -0.00 -0.10 0.02 -0.06 -0.08 -0.00 0.01 -0.06 0.01 -0.00 0.07 0.07 -0.65 -0.06 0.52 -0.12 0.00,0.31 0.05 0.31 0.15 -0.14 0.06 0.02 0.03 -0.02 -0.02 0.05 0.0 -0.04666666666666667 -0.08 0.0 0.01 -0.06 0.005 0.07 0.07 -0.355 0.2,,Negative,0
8,Negative Sentiment,Movie review,"It's so mediocre, despite the dynamic duo on the marquee, that we just can't get no satisfaction.",NO_QUESTION,,0.0 -0.3333 -0.6667 -0.3333 0.0 -0.3333 -0.3333 0.0 0.0 0.0 0.0 -0.6667 -0.3333 -0.6667 -0.6667 -1.0 -1.0, 0.0 835.91 2741.11 629.94 1852.87 1827.13 0.0 823.04 1814.26 1273.59 0.0 3976.91 0.0 591.32 2419.28 0.0 3732.33, 0 126.29 693.14 231.58 330.75 397.53 0 107.18 423.43 250.93 0 1113.42 0 239.26 473.46 0 819.38, 0 281.01 1131.64 396.62 636.95 699.9 0 259.99 723.87 470.84 0 1735.99 0 357.55 864.02 0 1405.52, 1.67 1.56 0.0 7.88 0.0 3.72 0.0 0.0 1.48 7.89 0.46 0.0 2.88 0.0 1.77 0.0 11.12, 0 1.39 0.0 6.1 0.0 2.65 0.0 0.05 0.0 6.09 2.15 0.0 0.02 0.0 0.95 0.0 3.2, 0 1.09 0.0 6.44 0.0 2.87 0.0 0.01 0.0 7.1 1.64 0.0 0.0 0.0 0.86 0.0 3.06,0.00 -0.02 -0.21 -0.08 -0.11 0.02 0.39 0.29 0.04 0.09 0.03 0.02 0.02 -0.03 0.07 0.08 0.11 0.01 -0.09 -0.04 -0.17 0.07 0.13 0.05 0.01 0.03 0.11 -0.77 -0.01 0.00,-0.10333333333333333 -0.11 0.185 0.09 0.03 0.02 0.02 -0.03 0.07 0.027500000000000004 -0.04 -0.17 0.07 0.06333333333333334 0.03 0.11 -0.39,,Negative,0
9,Negative Sentiment,Movie review,"For all the writhing and wailing, tears, rage and opium overdoses, there's no sense of actual passion being washed away in love's dissolution.",The reviewer had a mildly negative impression of the film.,,0.0 0.0 0.0 -0.6667 0.0 -0.6667 -0.6667 -0.6667 0.0 0.0 -0.6667 0.0 -0.3333 -0.3333 -0.3333 -0.3333 -0.3333 0.0 -0.3333 -0.3333 0.0 -0.3333 -0.3333, 889.05 3368.68 1888.29 2731.47 1211.64 2338.84 1868.98 2029.89 927.67 0.0 658.1 1978.4 683.85 2924.56 1862.54 2538.37 1952.65 1481.97 1199.59 2229.42 613.05 3690.5 1650.14, 366.11 895.83 410.02 705.03 616.46 611.27 472.36 594.7 390.75 0 244.25 452.27 378.68 731.14 415.3 638.43 457.05 749.96 200.79 604.36 312.5 824.51 407.54, 652.43 1423.14 716.82 1157.93 1007.02 985.18 776.29 922.59 688.58 0 790.92 772.49 612.02 1192.29 718.27 1042.06 773.44 1221.05 405.01 961.97 524.75 1399.75 678.87, 0.0 1.55 0.67 2.38 2.46 0.0 0.0 0.11 0.0 0.54 0.0 2.45 0.64 4.76 2.51 0.0 0.0 0.0 0.0 2.73 0.0 0.0 0.0, 0.0 0.0 0.0 1.78 0.0 0.0 0.0 1.19 0.0 3.05 0.0 0.0 0.07 0.0 1.39 0.0 0.0 0.0 0.0 1.43 0.0 0.0 0.0, 0.0 0.0 0.0 4.12 0.0 0.0 0.0 1.58 0.0 3.09 0.0 0.0 0.0 0.0 0.99 0.0 0.0 0.0 0.0 0.72 0.0 0.0 0.0,0.00 -0.15 0.11 0.15 0.04 -0.06 0.11 0.09 -0.05 0.03 -0.14 0.11 -0.02 -0.12 0.02 -0.03 -0.24 0.05 -0.05 0.08 -0.09 0.09 -0.01 -0.19 -0.04 0.05 -0.13 -0.03 0.13 0.18 0.04 0.09 -0.80 -0.16 0.00,-0.15 0.11 0.15 0.04 -0.06 0.05000000000000001 -0.05500000000000001 0.11 -0.02 -0.12 -0.08333333333333333 0.02666666666666667 -0.09 0.09 -0.01 -0.19 -0.04 0.05 -0.13 -0.03 0.13 0.10333333333333333 -0.48000000000000004,,Negative,0
10,Negative Sentiment,Tweet,"Lost without my Mom plus tired, sick and full of cold is just another day in paradise..... #upset #unwell #missyoumommybear",The author of the tweet was feeling angry.,,-1.0 -0.3333 0.0 0.0 0.0 -1.0 -1.0 0.0 0.0 0.0 -1.0 0.0 0.0 0.0 0.0 0.0 0.0 -0.6667 -0.6667 -0.3333, 2493.82 3645.95 599.11 1560.01 2513.13 5255.07 1811.55 920.94 1554.09 1000.03 1863.04 0.0 1792.24 3291.94 0.0 875.88 1927.41 1834.92 2176.05 4090.06, 783.05 904.13 219.39 734.14 622.71 1196.02 398.88 435.75 422.23 431.82 432.8 0 392.71 712.19 0 407.0 435.84 872.95 1236.63 1030.33, 1179.97 1472.66 429.72 1217.95 1022.51 2305.73 694.18 741.95 679.19 748.82 735.77 0 685.14 1227.99 0 699.77 748.4 1597.42 1916.72 1665.01, 0.98 0.99 0.0 0.0 1.1 0.0 0.0 2.37 1.16 3.69 0.0 2.56 0.17 0.84 0.0 0.0 0.0 0.0 0.0 0.0, 0.0 0.91 0.0 1.38 0.0 0.0 0.0 0.0 0.0 5.3 0.0 3.72 0.0 0.49 0.62 0.0 0.0 0.0 0.0 0.0, 0.0 0.67 0.0 1.22 0.0 0.0 0.0 0.0 0.0 5.23 0.0 3.37 0.0 0.69 0.76 0.0 0.0 0.0 0.0 0.0,0.00 -0.05 0.16 0.13 0.08 -0.24 -0.25 -0.03 -0.18 0.02 -0.02 0.01 -0.05 -0.01 0.02 0.13 -0.17 0.11 0.09 -0.12 -0.09 -0.14 -0.13 0.01 0.21 -0.36 0.06 -0.30 0.36 -0.12 0.24 -0.33 0.06 -0.28 -0.07 -0.05 0.00,-0.05 0.16 0.13 -0.07999999999999999 -0.14 -0.18 0.02 -0.02 0.01 -0.05 -0.01 0.02 0.13 -0.17 0.11 -0.06333333333333334 -0.075 -0.12 -0.023750000000000007,,Negative,0
11,Negative Sentiment,Tweet,"I finally left the dark room I've been crying in & instead of getting some sun on my translucent skin, I got 6000 mosquito bites. #blessed",The author of the tweet seems frustrated.,,0.0 -0.3333 -0.3333 0.0 -0.6667 -0.6667 0.0 0.0 -0.6667 0.0 0.0 -0.3333 0.0 0.0 0.0 0.0 0.0 0.0 0.0 0.0 -0.3333 -0.3333 -0.3333 -1.0 -1.0 0.0, 0.0 1894.08 4301.33 2022.81 2409.0 1700.99 0.0 3928.01 2885.3 0.0 2022.81 2550.61 0.0 3413.09 2009.94 3335.86 2962.54 0.0 4043.87 2087.18 2048.56 2589.22 3104.14 1044.47 4288.46 2743.7, 0 398.97 1061.99 440.04 563.25 372.36 0 891.88 656.21 0 440.04 546.43 0 902.6 518.93 858.96 670.85 0 943.85 460.57 448.25 692.75 709.03 127.9 1005.88 596.03, 0 700.63 1722.21 760.87 941.61 645.26 0 1652.49 1105.51 0 760.87 945.87 0 1430.52 837.85 1375.37 1131.66 0 1565.72 790.99 772.92 1097.95 1190.93 303.01 1974.18 1024.24, 0.0 0.0 0.0 0.0 2.6 1.83 2.26 4.01 10.21 0.0 0.0 0.0 0.0 3.19 0.0 0.0 5.19 0.62 0.0 0.0 5.39 1.62 2.37 1.82 4.47 0.0, 0 0.0 4.77 0.0 1.44 0.0 4.47 2.07 7.76 0.0 0.0 0.0 0 3.57 0.0 0.0 0.0 2.94 0.0 0.18 0.0 0.0 0.0 0.93 3.48 0.0, 0 0.0 4.53 0.06 1.41 0.03 4.55 2.8 7.6 0.0 0.0 0.0 0 2.96 0.0 0.0 0.0 2.72 0.0 0.4 0.0 0.0 0.0 0.73 4.16 0.0,0.00 0.00 0.08 -0.04 0.03 -0.01 0.06 0.04 0.07 0.08 0.04 0.06 -0.14 0.49 -0.59 -0.37 0.01 0.03 -0.12 -0.02 0.02 0.02 -0.01 0.28 0.03 -0.01 0.14 -0.22 0.07 -0.06 0.03 -0.08 -0.03 0.20 0.00,,,Positive,0.71
12,Negative Sentiment,Movie review,"As A Rumor of Angels reveals itself to be a sudsy tub of supernatural hokum, not even Ms. Redgrave's noblest efforts can redeem it from hopeless sentimentality.",NO_QUESTION,,0.0 0.0 0.0 0.0 0.0 0.0 0.0 0.0 0.0 0.0 -0.6667 -0.6667 -0.3333 -0.3333 -0.6667 0.0 0.0 0.0 0.0 0.0 0.0 0.0 0.0 0.0 0.0 -1.0 0.0, 0.0 1151.33 4150.73 1408.79 3661.55 3185.25 0.0 2000.94 0.0 0.0 3545.7 1550.39 2258.4 2464.37 2155.42 2593.1 2322.77 0.0 3133.76 3725.92 1189.94 0.0 4022.0 0.0 0.0 2837.68 3017.91, 0 164.86 1014.81 247.0 828.74 813.78 0 428.93 0 0 809.78 292.18 518.07 583.78 485.21 624.86 538.61 0 797.35 986.28 177.18 0 904.74 0 0 702.89 771.39, 0 357.23 1795.94 477.72 1589.01 1309.1 0 747.85 0 0 1358.78 543.99 875.34 971.73 827.14 1031.97 905.46 0 1285.0 1562.13 375.3 0 1700.69 0 0 1146.44 1241.78, 0.0 0.0 0.18 1.53 6.77 0.0 0.0 5.53 0.0 0.0 0.0 0.0 2.87 0.0 0.0 3.29 0.0 0.0 0.0 3.23 0.0 0.0 5.47 0.0 0.0 1.57 19.66, 0 0.0 0.0 0.0 4.86 0.0 6.12 0.0 0 0.0 0.0 0.0 0.0 0.0 0.0 3.06 0.0 0.0 0.0 2.29 0.0 0 2.98 0 0 1.02 15.67, 0 0.0 0.0 0.0 5.14 0.0 7.79 0.0 0 0.0 0.0 0.0 0.0 0.0 0.0 3.08 0.0 0.0 0.0 2.87 0.0 0 4.24 0 0 1.18 18.08,0.00 -0.27 0.11 -0.25 0.09 0.13 0.01 -0.07 0.10 -0.08 0.04 0.16 -0.06 0.16 -0.10 0.03 0.09 0.01 -0.17 -0.31 -0.15 0.13 -0.23 -0.16 0.20 0.05 0.00 0.11 -0.14 -0.01 0.06 -0.07 0.09 0.39 -0.04 -0.11 -0.12 -0.22 -0.37 -0.17 0.00,-0.27 0.11 -0.25 0.09 0.13 0.01 -0.07 0.1 -0.08 0.04 0.16 0.05 -0.1 0.03 -0.095 -0.15 0.13 -0.195 0.09 -0.14 0.024999999999999998 -0.07 0.09 0.17500000000000002 -0.11 -0.12 -0.25333333333333335,,Negative,0
13,Negative Sentiment,Tweet,"Been at work for not even 4 hours and I've thrown boiling tea everywhere, smashed a mug, smashed a milk jug and sliced my finger open",NO_QUESTION,,0.0 0.0 0.0 0.0 0.0 0.0 0.0 0.0 0.0 0.0 -0.6667 -0.3333 -0.3333 0.0 -1.0 0.0 -0.3333 -0.6667 0.0 -0.3333 -0.3333 0.0 -0.6667 0.0 -0.3333 0.0,,,, 0.0 0.0 0.0 4.63 0.0 2.98 0.0 0.0 0.0 0.0 0.0 0.0 0.0 2.87 0.16 0.0 2.49 0.0 0.0 0.0 5.3 0.0 0.0 0.0 4.84 0.0, 0.0 0 0.0 0.32 0 0.51 0 0 0 0 0.0 0.0 0 3.45 0.0 0 0.79 0.0 0 0 0.01 0 0.0 0 3.87 0, 0.0 0 0.0 0.42 0 0.23 0 0 0 0 0.0 0.0 0 2.16 0.0 0 0.47 0.0 0 0 0.25 0 0.0 0 2.96 0,0.00 0.09 0.15 -0.07 0.07 -0.10 -0.03 0.05 -0.02 -0.01 0.08 0.01 -0.00 0.03 -0.08 -0.04 -0.02 -0.07 -0.69 0.13 -0.05 -0.00 -0.58 0.14 0.01 -0.04 -0.02 -0.26 0.02 0.02 0.03 0.00,0.09 0.15 -0.07 0.07 -0.1 -0.03 0.05 -0.02 -0.01 0.03 0.03 -0.08 -0.04 -0.045000000000000005 -0.69 0.13 -0.025 -0.58 0.14 0.01 -0.04 -0.02 -0.26 0.02 0.02 0.03,,Negative,0
14,Negative Sentiment,Movie review,"...Designed to provide a mix of smiles and tears, ""Crossroads'' instead provokes a handful of unintentional howlers and numerous yawns.",The reviewer seemed to think the movie was slightly below average.,,0.0 0.0 0.0 0.0 0.0 0.0 0.0 0.0 0.0 0.0 0.0 -0.3333 0.0 0.0 0.0 0.0 -0.3333 0.0 0.0 -0.3333,,,, 0.0 0.0 1.8 0.0 0.61 1.82 0.0 0.0 0.0 0.0 0.0 4.82 0.0 0.0 0.0 0.0 0.0 0.0 0.0 0.0, 0.0 0 0.38 0 0.0 0.0 0.0 0 0.0 0.0 0 4.82 0 0.0 0 0.0 0.0 0 0.0 0, 0.0 0 0.1 0 0.0 0.0 0.0 0 0.0 0.0 0 4.13 0 0.0 0 0.0 0.0 0 0.0 0,0.00 -0.04 -0.07 0.00 0.04 0.01 -0.11 -0.04 -0.09 -0.01 0.28 -0.02 -0.02 -0.07 0.01 0.06 0.31 0.03 -0.02 0.02 -0.18 -0.01 -0.01 0.07 0.03 -0.03 0.00 -0.03 0.03 -0.81 -0.05 0.15 0.11 -0.05 -0.15 -0.08 0.15 0.00,,,Negative,0
15,Negative Sentiment,Tweet,"It's rained every day since June 30. That's 13 #dreary, #soggy days in a row. #auckland",The author seems sad.,,.0 0.0 0.0 0.0 0.0 0.0 0.0 0.0 0.0 -0.6667 -0.3333 0.0 0.0 0.0 0.0 0.0,,,, 0.0 4.37 0.0 8.86 0.0 2.41 0.78 5.97 6.01 0.0 0.0 0.0 6.05 0.0 4.3 11.82, 0 4.59 0 6.29 0.0 0.64 0.0 4.88 1.47 0.0 0.0 0 2.33 0 2.1 11.87, 0 2.97 0 5.65 0.0 0.8 0.0 3.6 1.28 0.0 0.0 0 2.16 0 1.87 10.07,.00 -0.04 0.05 0.03 -0.20 0.07 -0.15 -0.02 -0.17 0.08 -0.20 0.06 -0.07 0.03 0.14 0.13 -0.02 0.04 -0.15 -0.12 -0.78 -0.04 0.01 0.23 -0.05 0.05 0.09 -0.11 0.04 0.28 0.00,0.013333333333333334 -0.2 0.07 -0.15 -0.02 -0.17 -0.060000000000000005 0.006666666666666664 0.14 -0.024 -0.41000000000000003 0.12000000000000001 -0.05 0.05 -0.010000000000000002 0.16,,Negative,0
16,Negative Sentiment,Movie review,"With virtually no interesting elements for an audience to focus on, Chelsea Walls is a triple-espresso endurance challenge.",NO_QUESTION,,0.0 0.0 -0.3333 0.0 0.0 0.0 0.0 0.0 0.0 0.0 0.0 0.0 0.0 0.0 0.0 -0.3333 -0.3333 -0.6667,,,, 0.88 1.5 2.63 0.0 2.79 0.0 4.01 0.0 0.0 0.0 0.0 5.82 6.15 0.0 8.7 0.0 0.0 10.07, 0.0 0.0 0.0 0.0 1.54 0 0.0 0.0 0 0.0 0 4.09 4.02 0 2.42 0.0 0.0 6.97, 0.0 0.6 0.0 0.0 1.54 0 0.0 0.0 0 0.0 0 3.61 3.97 0 2.36 0.0 0.0 7.77,0.00 -0.08 0.12 0.14 0.05 -0.05 0.01 0.02 -0.08 0.07 -0.13 0.09 -0.32 0.50 0.41 -0.20 -0.07 -0.06 0.08 -0.20 -0.43 -0.33 0.03 0.04 -0.10 0.00,-0.08 0.12 0.14 0.05 -0.05 0.01 0.02 -0.08 0.07 -0.13 -0.115 0.5 0.41 -0.2 -0.07 -0.06 -0.24333333333333332 -0.030000000000000002,,Negative,0
17,Negative Sentiment,Tweet,"To #Wyoming: you have a beautiful state but your road signs, or lack thereof, are terrible. #lost",NO_QUESTION,,0.0 0.0 0.0 0.0 0.0 0.0 0.0 -0.3333 0.0 0.0 0.0 0.0 0.0 0.0 0.0 -1.0 -0.3333,,,,,,,0.00 -0.06 -0.02 -0.01 -0.10 -0.01 0.02 -0.09 0.15 0.02 -0.04 0.01 -0.08 -0.02 0.05 -0.06 -0.34 0.04 0.04 -0.01 -0.21 -0.13 -0.07 -0.87 0.00,,,Negative,0
19,Negative Sentiment,Movie review,"Partway through watching this saccharine, Easter-egg-colored concoction, you realize that it is made up of three episodes of a rejected TV show.",NO_QUESTION,,0.0 0.0 0.0 0.0 -0.3333 0.0 -0.3333 0.0 -0.3333 0.0 0.0 0.0 0.0 0.0 0.0 0.0 0.0 0.0 0.0 -1.0 0.0 0.0,,,,,,,0.00 -0.03 -0.01 0.14 0.00 0.00 -0.01 0.03 0.03 0.02 -0.05 0.02 -0.03 0.04 -0.00 -0.04 0.03 0.02 -0.02 -0.04 0.03 -0.13 -0.02 -0.14 -0.03 -0.04 -0.15 0.03 -0.04 -0.01 0.18 -0.91 0.03 -0.02 -0.21 0.00,,,Negative,0
20,Negative Sentiment,Movie review,Here's yet another studio horror franchise mucking up its storyline with glitches casual fans could correct in their sleep.,NO_QUESTION,,0.0 0.0 0.0 0.0 -0.3333 0.0 -1.0 0.0 0.0 0.0 0.0 -0.6667 0.0 0.0 0.0 0.0 0.0 0.0 0.0,,,,,,,0.00 0.07 -0.32 0.09 0.15 -0.16 -0.04 -0.17 0.03 0.04 -0.02 -0.03 -0.04 -0.03 0.03 -0.05 -0.01 -0.02 0.01 -0.19 -0.05 -0.16 -0.01 -0.33 -0.79 0.07 0.00,,,Negative,0
21,Negative Sentiment,Tweet,@Rainbow6Game felt guilt from playing this game. #horrible #RainbowSixSiege,NO_QUESTION,,0.0 -0.3333 -1.0 0.0 0.0 0.0 0.0 -1.0 0.0,,,,,,,0.00 -0.08 0.05 0.23 0.06 -0.12 -0.43 -0.12 -0.04 -0.14 -0.17 -0.08 -0.07 -0.67 -0.09 0.14 -0.06 0.22 -0.35 0.09 0.00,,,Negative,0
22,Negative Sentiment,Movie review,a nightmare date with a half-formed wit done a great disservice by a lack of critical distance and a sad trust in liberal arts college bumper sticker platitudes.,NO_QUESTION,,0.0 -0.6667 0.0 0.0 0.0 -0.6667 -0.3333 0.0 0.0 -0.3333 -0.3333 0.0 0.0 -0.3333 0.0 0.0 0.0 0.0 0.0 -0.3333 0.0 0.0 0.0 0.0 0.0 0.0 0.0 0.0,,,,,,,,,,Negative,0
23,Positive Sentiment,Tweet,@mashable For some reason this has filled me with delight. See Auntie laugh.,The author of the tweet seems happy.,,0.0 0.0 0.0 0.0 0.0 0.0 0.3333 0.3333 0.3333 1.0 0.0 0.3333 1.0, 1413.17 1310.18 2314.27 3073.78 0.0 3331.24 2172.67 0.0 4811.63 2584.6 2545.99 5789.97 2327.15, 235.41 308.55 566.91 707.22 0 902.36 451.73 0 1319.68 560.15 596.83 1466.82 498.01, 467.62 525.42 933.33 1186.78 0 1420.27 797.06 0 2058.08 966.85 997.77 2350.94 866.36, 0.0 2.08 0.0 1.67 1.88 4.32 4.81 3.28 4.03 0.0 0.66 1.26 3.34, 0.0 0.0 0.0 1.26 5.87 6.65 1.39 9.93 4.15 0.0 1.05 1.49 0.0, 0.0 0.0 0.0 1.51 7.32 7.23 1.68 9.76 3.55 0.0 0.85 0.38 0.05,0.00 -0.57 0.23 -0.06 -0.01 0.02 -0.05 0.02 0.01 0.08 0.01 -0.05 -0.05 0.69 -0.06 -0.18 -0.01 -0.08 0.23 -0.15 0.00,-0.16999999999999998 -0.016666666666666663 -0.05 0.02 0.01 0.08 0.01 -0.05 -0.05 0.31499999999999995 -0.18 -0.01 9.25185853854297e-18,,Positive,1
24,Positive Sentiment,Tweet,Omgsh Alexis is sooooo freaking funny on #BachelorInParadise  That pizza segment! Plus I love her and Jazzy's friendship!,NO_QUESTION,,0.0 0.0 0.0 0.3333 0.3333 0.6667 0.0 0.0 0.0 0.0 0.0 0.0 0.3333 1.0 0.3333 0.0 0.0 0.3333, 4324.45 2792.57 0.0 2856.94 2638.1 2123.18 0.0 9705.35 0.0 552.68 5985.07 1955.83 0.0 2033.07 2831.19 1827.1 6461.37 5688.99, 1052.61 676.87 0 695.4 625.58 461.3 0 2388.37 0 181.24 1693.42 407.91 0 432.55 687.19 366.84 1845.38 1288.96, 1718.15 1297.24 0 1142.36 1039.94 798.96 0 4347.39 0 284.98 2606.31 720.65 0 756.79 1130.31 660.4 2829.22 2467.75, 0.0 0.0 0.0 7.54 0.0 0.0 0.0 0.0 0.68 3.37 0.0 0.85 0.36 0.0 0.0 0.0 0.0 2.6, 0.0 0.0 2.21 2.5 0.0 0.0 0 0.0 2.52 2.65 0.35 0.0 3.24 0.44 3.93 0.0 0.76 0.0, 0.0 0.0 2.2 3.22 0.0 0.0 0 0.0 2.67 1.99 0.0 0.0 3.15 0.52 3.77 0.0 0.0 0.0,0.00 0.07 -0.04 0.01 0.13 0.01 -0.08 0.00 -0.04 -0.18 0.28 -0.07 0.08 0.08 0.05 0.08 0.09 -0.02 -0.15 0.55 0.25 0.05 0.41 -0.03 -0.20 -0.18 0.04 0.15 0.01 0.04 0.08 -0.39 -0.05 0.00,0.07 0.03333333333333333 0.01 -0.08 -0.07333333333333333 0.28 -0.07 0.03 0.55 0.25 0.05 0.41 -0.03 -0.2 -0.18 0.04 0.07 -0.22,,Positive,1
25,Positive Sentiment,Tweet,@rickysnecklace I'm so proud Mils! Keep smiling,NO_QUESTION,,0.0 0.3333 0.3333 1.0 0.6667 0.0 0.6667,,,, 0.0 0.0 0.0 2.27 0.0 4.2 4.87, 0.0 0.0 0.65 1.82 0.0 4.46 3.37, 0.0 0.0 0.19 2.17 0.0 4.31 4.69,0.00 0.30 0.12 0.13 -0.00 0.57 0.09 0.16 0.10 0.00 0.53 0.08 0.05 0.28 0.33 -0.16 0.00,0.21 0.17500000000000002 0.0 0.53 0.1366666666666667 0.33 -0.16,,Positive,1
26,Positive Sentiment,Movie review,Candid and comfortable; a film that deftly balances action and reflection as it lets you grasp and feel the passion others have for their work.,NO_QUESTION,,1.0 0.0 1.0 0.0 0.0 0.0 1.0 0.3333 0.0 0.0 0.0 0.0 0.0 0.0 0.0 0.0 0.0 0.0 0.0 1.0 0.0 0.0 0.0 0.0 0.0, 4124.11 2025.81 5038.09 0.0 2875.43 0.0 4342.95 3840.9 5424.27 2373.38 1652.5 0.0 5849.08 2437.75 2296.15 3261.62 0.0 1111.83 0.0 4149.85 8294.94 1665.37 3699.3 4626.15 0.0, 1002.22 440.76 1324.82 0 765.83 0 1042.04 1072.86 1227.03 415.65 465.66 0 1501.56 572.19 527.01 881.04 0 374.16 0 1023.43 2440.91 430.77 974.68 1270.39 0, 1642.83 768.84 2101.57 0 1220.46 0 1834.25 1671.29 2061.31 795.5 738.13 0 2558.11 961.63 895.36 1393.19 0 629.1 0 1667.88 3702.77 705.16 1552.03 1985.79 0, 3.45 4.69 1.01 0.0 0.0 0.0 7.27 0.0 6.31 2.03 0.0 0.85 12.81 3.17 0.0 7.47 0.0 0.0 0.0 0.0 8.75 0.0 5.42 5.78 0.0, 2.06 1.92 1.2 0 0.0 0 5.12 0.0 3.43 0.55 0.0 0.0 6.63 0.0 0.0 5.26 0.0 0.0 0.0 0.0 3.91 0.0 0.48 5.07 0, 2.04 1.96 0.0 0 0.0 0 5.42 0.0 3.78 1.17 0.0 0.0 7.05 0.0 0.0 4.96 0.0 0.0 0.0 0.0 3.03 0.0 0.44 4.68 0,0.00 0.06 -0.02 -0.10 0.87 0.06 -0.05 0.21 -0.05 0.22 0.14 -0.01 0.06 -0.07 -0.03 0.00 -0.08 -0.05 0.10 -0.01 -0.04 -0.00 -0.02 0.14 -0.18 0.14 0.04 -0.04 -0.08 -0.00 -0.01 0.00,0.06 -0.060000000000000005 0.46499999999999997 -0.05 0.21 -0.05 0.22 0.065 -0.0050000000000000044 -0.03 0.0 -0.08 -0.05 0.1 -0.01 -0.04 0.0 -0.02 0.14 -0.18 0.14 0.04 -0.04 -0.08 -0.005,,Positive,1
27,Positive Sentiment,Movie review,Few films capture so perfectly the hopes and dreams of little boys on baseball fields as well as the grown men who sit in the stands.,The reviewer seemed to have an extremely positive impression of the movie.,,0.0 0.0 0.0 0.3333 0.6667 0.0 0.3333 0.0 0.3333 0.0 0.0 0.0 0.0 0.0 0.0 0.0 0.0 0.0 0.0 0.0 0.0 0.0 0.0 0.0 0.0 0.0, 2010.94 7224.49 903.87 0.0 2731.83 0.0 3401.22 4752.88 3002.16 0.0 3851.77 2615.97 3130.89 4160.72 0.0 3967.63 1766.35 0.0 1290.05 0.0 1882.21 2358.51 3143.76 1972.32 3092.27 5782.72, 742.66 1731.02 210.45 0 570.65 0 887.22 1311.46 657.9 0 1023.97 629.69 793.97 1222.54 0 1005.93 511.62 0 296.66 0 395.59 551.55 798.08 424.34 851.65 1640.03, 1068.82 2990.73 515.71 0 1004.19 0 1420.46 2046.03 1131.7 0 1624.32 1045.97 1286.95 1868.91 0 1623.54 801.35 0 515.45 0 702.57 929.48 1292.97 744.74 1338.87 2527.99, 4.43 10.63 0.0 6.25 0.0 0.28 6.17 4.59 0.0 0.0 0.0 0.0 3.43 0.0 0.0 2.59 0.0 0.06 0.0 0.0 3.27 0.0 0.0 0.0 1.87 0.0, 5.94 7.63 0.0 23.01 0.0 2.23 3.82 3.63 0.0 0.0 6.76 0.0 2.71 0.0 0 7.54 0.0 2.22 0.0 0.0 0.79 0.59 0.0 0.0 0.0 0.0, 4.81 8.14 0.0 20.81 0.0 2.03 4.16 3.56 0.0 0.0 5.93 0.0 2.31 0.0 0 7.23 0.0 2.35 0.0 0.0 0.83 0.67 0.0 0.0 0.0 0.0,0.00 -0.36 0.79 -0.06 -0.14 -0.27 0.08 0.11 -0.01 0.17 0.01 0.01 -0.06 -0.01 -0.00 -0.08 -0.07 0.04 -0.06 0.04 0.10 -0.22 -0.05 0.00 -0.03 -0.02 0.13 0.07 0.00,-0.36 0.79 -0.06 -0.14 -0.27 0.08 0.11 -0.01 0.17 0.01 0.01 -0.06 -0.01 0.0 -0.08 -0.07 0.04 -0.06 0.04 0.1 -0.22 -0.05 0.0 -0.03 -0.02 0.1,,Positive,1
28,Positive Sentiment,Movie review,The fly-on-the-wall method used to document rural French school life is a refreshing departure from the now more prevalent technique of the docu-makers being a visible part of their work.,NO_QUESTION,,0.0 0.0 0.0 0.0 0.0 0.0 0.0 0.0 0.0 0.0 0.0 0.0 0.6667 0.0 0.0 0.0 0.0 0.0 0.3333 0.0 0.0 0.0 0.0 0.0 0.0 0.3333 0.0 0.0 0.0 0.0,,,, 0.56 4.15 0.55 0.0 0.0 5.45 0.16 0.0 0.0 2.78 5.37 0.0 1.05 0.0 5.54 1.12 3.18 2.94 0.0 0.0 2.35 0.6 8.02 0.0 7.78 0.0 0.0 0.0 0.0 7.46, 0.0 6.75 0.54 0.0 2.73 4.49 0.0 0.0 0.0 0.0 7.63 0.0 1.46 0.0 1.93 1.2 2.67 3.19 0.08 0.0 0 0.0 6.89 0.0 2.55 0.0 0.0 0.0 0.0 0.0, 0.0 10.12 0.53 0.0 2.26 3.96 0.0 0.0 0.0 0.0 7.92 0.0 1.75 0.0 1.8 1.0 2.31 2.55 1.13 0.0 0 0.0 5.65 0.0 2.2 0.0 0.0 0.0 0.0 0.0,0.00 -0.26 0.23 0.05 -0.01 0.02 0.04 0.05 0.06 -0.08 0.01 -0.01 -0.32 0.37 0.04 0.27 0.24 -0.17 -0.02 0.45 0.07 -0.02 0.05 -0.03 -0.08 0.11 0.08 0.04 0.01 0.31 0.23 0.01 -0.10 -0.11 0.04 0.03 0.08 -0.04 0.04 -0.20 0.08 0.00,-0.26 0.06285714285714286 -0.08 0.01 -0.01 -0.32 0.37 0.04 0.27 0.24 -0.17 -0.02 0.45 0.07 -0.02 0.05 -0.03 -0.08 0.11 0.08 0.04 0.01 0.11250000000000002 -0.11 0.04 0.03 0.08 -0.04 0.04 -0.060000000000000005,,Positive,1
29,Positive Sentiment,Movie review,The movie is beautiful to behold and engages one in a sense of epic struggle -- inner and outer -- that's all too rare in Hollywood's hastier productions.,The reviewer likely loved the movie.,,0.0 0.0 0.0 0.6667 0.0 0.0 0.0 0.3333 0.0 0.0 0.0 0.0 0.0 0.0 0.0 0.0 0.0 0.0 0.0 0.0 0.0 0.0 0.0 0.0 0.0 0.0 0.0 0.0, 0.0 1321.7 1604.91 755.29 0.0 2853.58 1656.4 3278.39 0.0 3407.12 0.0 716.67 0.0 2055.46 1965.35 0.0 98.77 2441.65 2300.05 0.0 0.0 2222.81 0.0 0.0 0.0 3111.04 974.13 3239.77, 0 394.68 370.04 98.97 0 717.42 297.46 903.96 0 945.03 0 86.65 0 525.78 428.03 0 0.0 647.0 591.82 0 0 627.18 0 0 0 850.56 341.79 670.63, 0 628.02 645.55 247.94 0 1178.93 580.65 1428.74 0 1488.98 0 229.86 0 868.41 757.24 0 1.69 1047.15 970.88 0 0 994.73 0 0 0 1350.42 523.35 1189.66, 1.15 0.0 7.54 0.0 1.94 5.08 1.13 2.97 0.65 1.63 0.08 1.81 0.0 1.68 8.73 0.16 0.0 7.87 4.46 0.25 0.0 3.23 2.79 0.0 5.12 0.0 0.0 8.23, 0 0.0 0 0.0 0 3.72 0.0 3.3 3.66 0.0 0.0 2.12 0 3.38 5.49 0 0.0 0 0.94 0 1.81 0.0 1.96 0.0 0 0.0 0.0 2.31, 0 0.0 0 0.0 0 3.89 0.0 3.92 3.01 0.0 0.0 1.96 0 3.29 5.83 0 0.0 0 1.21 0 1.77 0.0 1.54 0.0 0 0.0 0.25 1.68,0.00 0.01 0.23 0.07 0.07 -0.08 0.81 -0.07 0.01 0.15 -0.01 0.01 -0.05 0.02 -0.01 0.17 0.00 0.01 0.02 0.03 -0.08 0.01 -0.02 0.04 -0.08 -0.03 0.17 -0.13 0.09 -0.03 0.16 -0.02 0.03 0.05 -0.33 -0.01 0.00 0.00,0.01 0.23 0.07 0.07 -0.08 0.81 -0.07 0.01 0.15 -0.01 0.01 -0.05 0.02 -0.01 0.17 0.005 0.02 0.03 -0.08 -0.005 -0.023333333333333334 0.17 -0.13 0.09 -0.03 0.05666666666666667 0.05 -0.11333333333333334,,Positive,1
30,Positive Sentiment,Tweet,"@chasejarvis Honestly, been hearing this over and over again...it's kinda imprinted on my mind now. Thanks! #Strategy",NO_QUESTION,,0.0 0.0 0.0 0.0 0.0 0.0 0.0 0.0 0.0 0.0 0.0 0.0 0.0 0.0 0.0 0.6667 0.0, 335.36 2150.44 0.0 1030.5 1043.37 1249.34 1262.21 850.28 1506.8 2266.3 2098.95 0.0 0.0 2150.44 0.0 2047.46 13195.44, 121.54 416.64 0 299.32 193.43 375.14 263.25 131.83 356.29 714.6 553.21 0 0 429.64 0 513.78 3462.51, 209.15 774.61 0 749.48 386.5 598.89 488.92 296.13 788.38 1089.83 903.51 0 0 787.61 0 856.41 6073.62, 0.0 0.0 0.0 3.94 0.0 2.45 2.87 4.95 0.0 2.99 0.0 0.48 0.0 0.0 3.27 6.28 3.66, 0.0 0.0 0.0 3.24 0.0 0.0 4.15 3.81 0.0 0.0 0.0 0 0.0 0.0 2.27 5.78 4.04, 0.0 0.0 0.0 4.26 0.0 0.0 3.72 3.39 0.0 0.0 0.0 0 0.0 0.0 1.89 5.5 3.85,0.00 -0.21 0.36 0.46 0.19 -0.41 -0.15 0.08 0.21 0.02 0.02 -0.04 0.03 0.13 -0.02 -0.03 -0.06 -0.01 -0.06 0.05 -0.24 0.18 -0.05 -0.01 0.02 -0.00 0.00 -0.09 -0.31 0.04 0.05 -0.31 0.00,0.075 0.022500000000000013 0.08 0.21 0.02 0.02 -0.04 0.03 9.912705577010326e-19 -0.24 0.18 -0.030000000000000002 0.02 0.0 -0.045 -0.135 -0.13,,Positive,1
31,Positive Sentiment,Tweet,"Sometimes, you just need to eat a delicious piece of chocolate to remind yourself that there's no need to be bitter. Sweetness redeems.",NO_QUESTION,,0.0 0.0 0.3333 0.3333 0.3333 0.3333 0.3333 0.3333 0.3333 0.3333 0.3333 0.0 0.3333 0.3333 0.0 0.6667 0.6667 0.6667 0.6667 0.6667 0.6667 0.3333 0.6667, 2291.34 0.0 923.25 1795.73 0.0 685.1 0.0 2123.99 633.6 2021.01 1074.85 0.0 1667.0 2068.94 2291.34 858.88 0.0 1180.71 627.17 1657.74 1727.81 1924.46 3424.16, 553.27 0 472.07 448.64 0 296.11 0 553.87 470.25 481.02 196.15 0 390.57 1179.13 567.27 506.0 0 596.35 259.14 871.28 876.45 440.21 948.69, 1051.68 0 784.02 748.74 0 537.11 0 902.86 695.92 814.67 388.87 0 784.49 1832.38 941.18 798.77 0 985.0 482.89 1393.44 1428.08 759.48 1491.33, 0.0 0.0 0.0 0.0 0.0 0.0 1.39 0.0 2.41 0.0 0.0 0.0 0.0 0.0 4.93 0.0 1.39 0.0 0.0 1.31 0.22 0.0 0.0, 0.0 1.78 0.0 0.0 0 0.0 0.91 0.0 0.0 0.0 0.0 0 0.0 2.05 4.05 0.0 2.79 0.0 0.0 3.53 0.0 0.0 0.0, 0.0 1.43 0.0 0.0 0 0.0 0.78 0.0 0.0 0.0 0.0 0 0.0 1.66 3.73 0.0 2.56 0.0 0.0 3.02 0.0 0.0 0.0,0.00 -0.59 -0.06 -0.26 0.16 0.11 0.10 -0.05 -0.02 0.28 0.05 0.08 0.32 -0.03 0.05 0.17 -0.03 0.15 -0.03 -0.02 -0.05 -0.07 0.03 -0.05 -0.14 -0.28 0.21 -0.31 -0.15 -0.09 -0.03 0.00,-0.32499999999999996 -0.26 0.16 0.11 0.1 -0.05 -0.02 0.28 0.05 0.08 0.32 -0.03 0.05 0.17 -0.03 0.03333333333333333 -0.05 -0.07 0.03 -0.05 -0.21000000000000002 0.21 -0.145,,Positive,1
32,Positive Sentiment,Tweet,"Let me no longer languish in #pain, but look forward with #joy to all I have been gifted to achieve in my life.' ~ #Eleesha  #quote",The tweet shares an uplifting quote.,,0.0 0.0 0.0 0.0 0.0 0.0 0.0 0.0 1.0 1.0 0.6667 1.0 0.3333 0.3333 0.3333 0.3333 0.3333 0.6667 0.3333 0.6667 0.0 0.0 0.0 0.0 0.0 0.0, 0.0 4005.61 1868.7 3065.89 2744.06 0.0 1958.81 0.0 0.0 2525.22 1289.42 2666.83 0.0 1675.61 0.0 0.0 0.0 4095.73 0.0 2602.46 0.0 0.0 2319.26 0.0 3439.2 2100.42, 0 1093.06 411.29 793.25 689.57 0 440.04 0 0 620.75 226.47 665.93 0 349.68 0 0 0 1121.81 0 645.39 0 0 555.03 0 912.35 485.21, 0 1718.76 718.7 1278.98 1127.36 0 760.87 0 0 1025.95 447.6 1092.22 0 628.33 0 0 0 1760.94 0 1062.1 0 0 929.56 0 1453.69 827.14, 5.91 3.7 0.0 0.0 0.0 0.0 0.0 0.0 0.0 3.54 0.0 0.0 1.16 0.0 0.0 0.0 0.0 0.83 2.31 0.0 1.79 0.0 0.62 0.0 5.28 0.0, 0 1.51 0.0 0.0 0.0 0 0.0 0 0 2.22 0.0 0.0 5.16 0.0 0 0.0 0.0 6.68 0.0 0.0 0.94 0 0.0 0.0 4.83 0.0, 0 0.92 0.0 0.0 0.0 0 0.0 0 0 2.58 0.0 0.0 4.73 0.0 0 0.0 0.0 6.15 0.0 0.0 1.05 0 0.0 0.0 3.48 0.0,0.00 0.07 -0.01 0.13 0.32 -0.04 -0.05 0.03 0.01 -0.07 0.06 -0.00 -0.07 0.09 0.05 0.03 -0.35 0.25 0.06 0.01 0.04 0.00 -0.02 0.16 0.02 0.04 -0.02 0.05 0.02 -0.06 -0.16 0.71 -0.14 0.04 -0.14 0.02 0.12 -0.22 0.00,0.07 -0.01 0.13 0.32 -0.04 -0.0033333333333333344 -0.003333333333333336 -0.07 0.09 0.05 0.03 -0.04999999999999999 0.06 0.01 0.04 0.0 -0.02 0.16 0.02 0.04 -0.02 0.05 -0.06666666666666667 0.71 -0.020000000000000007 -0.22,,Positive,0.99
33,Positive Sentiment,Movie review,"A densely constructed, highly referential film, and an audacious return to form that can comfortably sit among Jean-Luc Godard's finest work.",NO_QUESTION,,0.0 0.3333 0.6667 0.6667 1.0 0.3333 0.0 0.0 1.0 0.3333 0.0 0.0 0.0 0.0 0.3333 0.3333 0.0 0.0 0.0 0.6667 0.3333, 0.0 1187.89 1747.87 2880.69 3196.08 1021.65 925.11 2301.41 1792.92 3254.0 0.0 2307.84 1491.52 1722.12 4296.71 1742.54 2204.86 3318.37 1895.91 2135.16 397.96, 0 265.95 361.61 708.53 889.65 456.46 394.86 594.71 429.98 817.64 0 718.27 600.28 478.25 1066.31 916.46 527.41 791.17 435.84 1276.99 111.29, 0 576.55 652.11 1167.77 1457.87 784.97 694.6 967.67 727.2 1332.48 0 1092.18 1188.76 763.07 1879.46 1459.71 885.98 1369.6 748.4 2041.21 266.01, 0.0 0.0 0.0 1.38 4.26 0.0 1.62 1.52 0.77 3.61 0.0 0.0 2.86 0.0 4.06 0.5 0.0 4.64 1.97 0.12 0.0, 0 0.0 0.0 0.3 2.23 0.0 0.0 0.0 0.32 2.61 2.62 0.0 0.0 0.0 3.36 3.32 0.0 0.32 1.96 0.0 0.0, 0 0.0 0.0 0.61 2.04 0.0 0.0 0.0 1.03 2.69 2.63 0.0 0.0 0.0 3.87 2.94 0.0 0.11 1.79 0.2 0.0,0.00 0.08 0.10 -0.13 0.00 0.03 0.00 -0.01 -0.15 0.07 0.00 -0.05 0.05 0.03 0.16 -0.01 -0.03 -0.07 0.16 0.04 0.19 -0.18 -0.07 -0.09 0.02 -0.07 -0.23 -0.19 0.04 -0.03 0.28 0.01 -0.79 0.00,0.08 0.1 -0.065 0.03 0.0 -0.03 0.0 -0.05 0.05 0.06 -0.03 -0.07 0.16 0.04 0.19 -0.18 -0.07 -0.04666666666666667 -0.10250000000000001 0.28 -0.39,,Positive,1
34,Positive Sentiment,Tweet,@RickHoffman_ And we are all so grateful for your perseverance! Happy Anniversary twin!,NO_QUESTION,,0.0 0.3333 0.3333 0.3333 0.3333 0.3333 1.0 0.3333 0.3333 0.6667 0.6667 0.6667 0.3333,,,, 13.64 0.0 0.0 6.71 0.0 0.0 0.0 0.0 1.03 1.4 2.83 6.45 0.0, 10.61 0 0 1.33 0 0.0 0.0 0 0.0 2.73 1.64 3.86 0, 10.19 0 0 1.54 0 0.0 0.0 0 0.0 1.02 1.49 5.9 0,0.00 -0.32 0.15 0.29 0.32 -0.13 -0.08 0.06 -0.07 -0.05 -0.07 0.00 -0.16 -0.02 0.02 -0.09 0.08 0.05 0.39 0.60 -0.06 -0.31 0.00,0.061999999999999986 -0.08 0.06 -0.07 -0.05 -0.07 0.0 -0.16 -0.02 0.015000000000000003 0.39 0.6 -0.185,,Positive,1
35,Positive Sentiment,Tweet,Nothing makes me happier than managing my depression well.,NO_QUESTION,,0.0 0.0 0.0 0.6667 0.0 0.3333 0.0 0.0 0.0,,,, 2.65 0.0 3.14 8.28 0.0 2.48 4.27 0.0 0.0, 0.0 0 0.0 4.69 0 1.14 0.0 0 0.0, 0.0 0 0.14 5.25 0 0.3 0.0 0 0.0,0.00 0.14 -0.07 -0.17 0.94 0.14 -0.11 0.02 -0.11 -0.15 0.03 0.00,0.14 -0.07 -0.17 0.94 0.14 -0.11 0.02 -0.11 -0.06,,Positive,0.99
36,Positive Sentiment,Tweet,I am really flattered and happy to hear those complements for my blog! You guys motivates me to write more for my blog. Thank you! sml ,NO_QUESTION,,0.0 0.0 0.0 1.0 0.0 1.0 0.0 0.0 0.0 0.3333 0.0 0.0 0.0 0.0 0.0 1.0 0.0 0.0 0.0 0.0 0.0 0.0 0.0 0.6667 0.6667 0.3333,,,,,,,0.00 -0.11 0.02 0.12 0.63 -0.31 0.02 -0.01 0.07 -0.07 0.00 0.05 0.03 -0.05 -0.03 0.36 0.05 -0.07 -0.05 -0.09 0.26 -0.06 0.03 0.02 0.11 -0.06 -0.02 -0.01 0.23 0.06 -0.38 -0.02 0.11 0.11 -0.10 0.00,-0.11 0.02 0.12 0.63 -0.145 -0.01 0.07 -0.07 0.0 0.05 -0.010000000000000002 -0.03 0.205 -0.07 -0.05 -0.09 0.07666666666666667 0.02 0.11 -0.06 -0.02 -0.01 0.14500000000000002 -0.38 0.045 0.0049999999999999975,,Positive,1
37,Positive Sentiment,Movie review,"It's one of those baseball pictures where the hero is stoic, the wife is patient, the kids are as cute as all get-out and the odds against success are long enough to intimidate, but short enough to make a dream seem possible.",NO_QUESTION,,0.0 0.0 0.0 0.0 0.0 0.0 0.0 0.0 0.6667 0.0 0.0 0.0 0.0 0.0 0.3333 0.0 0.0 0.0 0.0 0.6667 0.0 0.0 0.0 0.0 0.0 0.0 0.0 0.3333 0.0 0.0 0.0 0.0 0.0 0.0 0.3333 0.0 0.0 0.0 0.0 1.0 0.3333 1.0, 0.0 2915.67 2220.53 418.31 4936.72 2748.32 0.0 0.0 1332.29 2233.4 1834.34 0.0 3855.39 0.0 0.0 3083.02 2722.57 0.0 0.0 0.0 0.0 2542.35 2593.84 0.0 0.0 1924.45 2375.0 2928.54 2465.11 0.0 6172.53 2181.91 1152.07 0.0 4164.34 6005.18 1718.48 1782.85 2310.64 0.0 1087.71 1049.09, 0 629.75 488.96 0.0 1156.56 583.35 0 0 230.58 629.07 353.75 0 1035.56 0 0 716.14 674.14 0 0 0 0 616.64 633.07 0 0 419.5 563.25 675.85 592.0 0 1774.84 501.64 401.08 0 967.13 1721.44 353.79 365.32 542.71 0 291.54 140.22, 0 1088.63 844.31 52.88 1916.48 1017.32 0 0 453.62 986.34 651.58 0 1634.42 0 0 1199.95 1104.27 0 0 0 0 1019.92 1044.02 0 0 730.75 941.61 1136.66 983.78 0 2718.83 851.24 597.28 0 1779.01 2640.51 634.36 655.48 911.48 0 673.16 321.08, 0.0 0.98 4.93 0.0 7.73 3.4 0.0 1.2 0.0 6.92 0.0 0.0 4.08 0.0 0.0 6.42 1.01 0.0 0.0 0.0 0.02 3.21 0.0 0.0 0.0 1.17 0.0 3.27 3.39 0.0 10.59 1.26 7.73 0.0 4.46 0.36 5.23 0.0 1.67 0.0 0.0 0.0, 0 0.0 1.64 0.0 4.84 1.86 0.0 5.43 0.0 1.89 0.0 0.0 0.0 0.0 0.0 0.0 0.0 0 0 0.13 0.0 0.0 0.0 0 0.87 0.0 0.0 0.77 2.25 0.0 9.67 0.53 7.64 0 1.84 11.0 2.28 0.0 1.23 0.0 0.0 0.0, 0 0.0 1.94 0.0 5.4 1.99 0.0 4.81 0.0 1.66 0.0 0.0 0.0 0.0 0.0 0.0 0.0 0 0 0.0 0.0 0.0 0.0 0 0.73 0.0 0.0 1.12 2.27 0.0 8.57 0.55 7.97 0 2.4 9.72 2.28 0.0 1.21 1.18 0.0 0.0,0.00 -0.18 0.12 -0.00 -0.33 0.00 0.09 0.44 0.11 0.08 0.04 0.00 -0.09 -0.10 -0.14 -0.12 0.01 -0.12 -0.05 0.40 -0.11 0.08 -0.37 0.05 -0.10 0.02 -0.04 -0.05 0.02 0.00 -0.04 -0.07 -0.10 0.23 -0.11 0.01 0.01 0.05 0.00 -0.10 -0.29 0.04 0.02 -0.06 -0.05 0.01 -0.03 -0.00 -0.12 -0.05 0.01 0.07 -0.00 -0.05 0.00,-0.02 -0.33 0.0 0.09 0.44 0.11 0.08 0.04 0.0 -0.09 -0.12 0.01 -0.12 -0.05 0.14500000000000002 0.08 -0.37 0.05 -0.1 0.02 -0.04 -0.05 -0.006666666666666667 -0.07 -0.1 0.23 -0.11 0.01 0.01 0.05 0.0 -0.1 -0.0725 -0.05 0.01 -0.03 0.0 -0.12 -0.05 0.01 0.07 -0.025,,Positive,1
38,Positive Sentiment,Tweet,Good morning and happy Tuesday! I hope you have a terrific day! Enjoy it tons,NO_QUESTION,,0.6667 0.0 0.0 1.0 0.3333 0.0 0.3333 0.0 0.0 0.0 1.0 0.3333 0.6667 0.0 0.3333,,,,,,,0.00 -0.71 -0.22 -0.13 -0.12 0.10 0.06 0.14 0.07 0.01 0.05 -0.12 0.14 -0.10 -0.16 0.53 -0.05 -0.16 0.00,,,Positive,1
39,Positive Sentiment,Movie review,"An entertaining, colorful, action-filled crime story with an intimate heart.",NO_QUESTION,,0.0 1.0 1.0 0.6667 0.0 0.0 0.0 0.0 1.0 0.6667,,,, 0.0 0.0 0.0 0.0 0.0 0.0 7.42 0.0 2.9 0.0, 0 0.0 0.0 0.0 0.0 0 4.3 0 0.0 0, 0 0.0 0.0 0.0 0.0 0 3.89 0 0.68 0,0.00 -0.42 0.04 0.25 0.17 -0.05 -0.04 -0.11 0.02 -0.60 -0.03 -0.14 -0.56 0.02 0.01 -0.10 0.00,0.1 0.31999999999999995 -0.030000000000000006 0.11666666666666665 0.52 0.18 -0.11 -0.22 -0.3 -0.065,,Positive,1
40,Positive Sentiment,Movie review,"The film is beautifully mounted, but, more to the point, the issues are subtly presented, managing to walk a fine line with regard to the question of Joan's madness.",The reviewer probably thinks the film is good enough to win some awards.,,0.0 0.0 0.0 0.6667 0.3333 -0.3333 0.0 0.0 0.0 0.0 0.0 0.0 0.0 0.0 0.0 0.3333 0.0 0.3333 0.0 0.3333 0.3333 0.0 0.0 0.0 0.0 0.0 0.0 0.0 -0.3333,,,, 3.4 0.0 0.0 9.82 0.0 0.0 2.72 0.0 4.48 0.66 0.0 2.66 1.97 3.27 0.0 0.0 0.0 0.95 0.0 0.0 0.0 3.45 1.51 0.0 0.0 0.0 10.82 2.43 0.0, 0 0.0 0 7.17 0 0 1.43 0 1.05 0.0 0 0.0 0.0 2.51 0.0 0.0 0 0.0 0 0 0 0.0 0.0 0 0 0.0 5.39 1.13 0, 0 0.0 0 8.11 0 0 1.02 0 1.12 0.0 0 1.16 0.0 1.98 0.0 0.0 0 0.0 0 0 0 0.0 0.0 0 0 0.0 5.03 0.77 0,0.00 -0.14 -0.08 -0.10 0.45 -0.01 -0.02 0.02 0.07 0.00 0.01 0.07 0.07 0.00 0.09 -0.05 -0.02 -0.10 -0.04 0.03 0.05 0.03 -0.37 -0.02 0.50 0.04 0.01 -0.08 -0.00 0.02 -0.02 0.02 0.44 0.04 0.01 -0.35 0.00 0.00,-0.14 -0.08 -0.1 0.45 -0.015 0.045000000000000005 0.0 0.01 0.07 0.035 0.09 -0.05 -0.02 -0.1 -0.005000000000000001 0.05 0.03 -0.37 -0.02 0.5 0.04 0.01 -0.08 0.0 0.02 -0.02 0.02 0.16333333333333333 -0.175,,Positive,1
41,Positive Sentiment,Tweet, Its amazing isnt it. Im a big fan of B&W but the life these restorations give the photographs is awe inspiring.,The author of the tweet likely doesn't know much about photography.,,0.0 0.0 1.0 0.0 0.0 0.0 0.0 0.3333 0.6667 0.0 0.0 0.0 0.0 0.0 0.0 0.0 0.0 0.0 0.0 0.0 1.0 1.0,,,,,,,0.00 -0.03 -0.35 0.26 -0.24 0.16 -0.03 0.28 0.08 0.06 -0.10 -0.01 -0.04 -0.16 -0.24 -0.00 -0.18 -0.01 -0.08 -0.12 -0.07 0.14 -0.08 -0.34 0.08 0.05 0.07 -0.07 -0.16 -0.13 -0.13 0.00 -0.01 0.23 -0.46 0.00,,,Positive,1
42,Positive Sentiment,Movie review,The mesmerizing performances of the leads keep the film grounded and keep the audience riveted.,NO_QUESTION,,0.0 0.6667 0.3333 0.0 0.0 0.0 0.3333 0.3333 0.3333 0.3333 0.0 0.3333 0.3333 0.3333 0.3333,,,,,,,0.00 -0.10 -0.49 0.12 0.08 -0.08 -0.09 -0.27 -0.14 -0.05 0.01 -0.23 -0.37 -0.06 -0.21 -0.10 -0.41 -0.22 -0.06 0.29 -0.24 -0.05 0.00,,,Positive,1
43,Positive Sentiment,Movie review,"Although laced with humor and a few fanciful touches, the film is a refreshingly serious look at young women.",NO_QUESTION,,0.0 0.0 0.0 0.6667 0.0 0.0 0.0 0.3333 0.0 0.0 0.0 0.0 0.0 1.0 0.3333 0.0 0.0 0.0 0.0,,,,,,,0.00 -0.06 -0.37 0.08 -0.44 -0.19 -0.01 -0.05 -0.07 0.06 0.07 -0.00 -0.29 -0.33 0.02 -0.21 0.38 -0.10 -0.21 -0.35 0.07 -0.08 -0.15 -0.14 0.00,,,Positive,1
44,Positive Sentiment,Movie review,One of the best films of the year with its exploration of the obstacles to happiness faced by five contemporary individuals ... a psychological masterpiece.,It's not clear whether the reviewer feels positively or negatively about this movie.,,0.0 0.0 0.0 1.0 0.6667 0.0 0.0 0.0 0.0 0.0 0.0 0.0 0.0 0.0 0.0 0.0 0.0 0.0 0.0 0.0 0.0 0.0 0.0 1.0,,,,,,,0.00 0.04 -0.76 -0.04 -0.02 -0.09 -0.11 -0.25 0.20 -0.07 -0.03 0.10 -0.08 -0.08 0.04 -0.08 0.03 0.08 -0.08 -0.01 0.03 -0.06 -0.11 -0.21 -0.13 -0.16 0.03 0.28 -0.26 0.00,,,Positive,1
45,Polite,Tweet,@RickHoffman_ And we are all so grateful for your perseverance! Happy Anniversary twin!,NO_QUESTION,,0.0 0.0 0.0 0.0 0.0 0.0 1.0 0.0 0.0 0.3333 1.0 1.0 0.3333, 0.0 0.0 2733.95 4819.37 0.0 3506.33 1678.37 0.0 3519.2 0.0 3416.22 4188.6 1498.15, 0 0 667.55 1180.89 0 908.97 325.77 0 917.08 0 880.22 1000.64 268.27, 0 0 1099.16 1923.13 0 1455.63 600.16 0 1659.66 0 1413.46 1648.93 515.81, 0.0 0.0 4.75 6.57 0.0 8.31 0.63 0.0 0.0 0.0 1.82 1.41 0.0, 0.0 0.0 1.0 6.9 0.0 8.44 0.0 0 5.45 6.38 0.87 1.37 0.0, 0.0 0.09 0.91 6.63 0.0 7.56 0.0 0 6.5 5.96 0.7 1.15 0.0,0.00 -0.32 0.15 0.29 0.32 -0.13 -0.08 0.06 -0.07 -0.05 -0.07 0.00 -0.16 -0.02 0.02 -0.09 0.08 0.05 0.39 0.60 -0.06 -0.31 0.00,0.061999999999999986 -0.08 0.06 -0.07 -0.05 -0.07 0.0 -0.16 -0.02 0.015000000000000003 0.39 0.6 -0.185,,Polite,0.96
46,Polite,Tweet," @HighPerformanceMark, as far as I understand the pseudo code describes a path searching algorithm... so I'm trying to write a program that finds a Hamiltonian Path using the logic of the ""DNA Algorithm."" Am I on the wrong *track* here?",NO_QUESTION,,0.0 0.3333 0.3333 0.3333 0.3333 0.3333 0.0 0.0 0.0 0.0 0.0 0.0 0.0 0.0 0.0 0.0 0.0 0.0 0.0 0.0 0.0 0.0 0.0 0.0 0.0 0.0 0.0 0.0 0.0 0.0 0.0 0.0 0.0 0.6667 0.6667 0.3333 0.3333 0.6667 0.3333 0.3333, 2008.07 0.0 3153.76 0.0 0.0 3231.0 2793.32 4737.13 3385.47 5831.34 0.0 3102.27 3836.03 2510.11 1403.04 3604.31 1403.04 1853.59 1943.7 2407.13 3346.86 1531.77 2960.67 0.0 9641.73 2844.81 2690.33 2226.91 2355.64 0.0 3604.31 514.8 2304.15 1763.48 1621.88 1853.59 3848.9 1750.61 2767.57 2716.08, 622.55 0 797.08 0 0 799.72 683.08 1232.25 872.01 1453.35 0 680.65 899.75 679.73 251.52 941.83 403.52 406.26 412.01 559.87 778.69 280.59 704.47 0 2492.04 741.51 650.22 502.37 630.44 0 941.83 170.13 579.01 354.51 309.34 383.26 1019.86 350.41 807.87 545.44, 2115.79 0 1291.97 0 0 1306.12 1124.29 2140.98 1401.41 2347.07 0 1167.87 1810.27 1225.75 485.64 1503.83 637.64 707.5 726.67 943.55 1468.34 533.89 1170.61 0 4496.31 1190.38 1076.09 859.21 1006.45 0 1503.83 271.95 947.36 642.33 576.06 684.5 1618.29 636.3 1245.24 975.14, 0.0 0.0 2.57 0.0 0.0 0.0 4.05 0.0 4.75 6.23 0.0 0.0 0.0 0.0 2.76 4.35 0.0 0.79 2.42 0.0 1.73 4.21 0.21 2.08 0.0 1.64 2.37 0.0 0.0 0.0 3.65 0.0 0.0 0.35 2.24 0.0 0.0 2.17 0.0 0.0, 0.0 0 0.0 0.0 0.0 0.0 4.28 0.7 5.11 5.6 0 0.0 0.0 0.0 1.81 2.18 0.0 0.69 4.55 0.0 0.0 0.91 0.0 0.14 0.0 0.0 0.82 0.0 0.0 0 0.15 0.0 0.0 0.0 0.0 0.0 0.0 0.27 0.0 0.0, 0.0 0 0.0 0.0 0.0 0.0 5.11 0.85 4.49 4.88 0 0.0 0.0 0.0 1.62 1.94 0.0 0.97 4.22 0.0 0.0 1.11 0.0 0.0 0.0 0.0 1.05 0.0 0.0 0 0.27 0.0 0.0 0.0 0.0 0.0 0.0 0.51 0.0 0.0,0.00 -0.15 -0.11 -0.06 0.05 -0.04 -0.07 -0.16 -0.06 0.06 -0.03 -0.01 0.60 -0.07 -0.06 0.01 -0.11 -0.08 -0.35 -0.06 0.10 0.01 -0.03 0.10 0.01 0.04 -0.17 -0.00 -0.10 -0.01 -0.29 0.03 0.01 0.01 -0.31 -0.07 -0.01 -0.12 -0.03 -0.01 0.01 -0.04 -0.09 0.14 -0.08 -0.00 0.04 0.04 0.25 0.03 0.06 -0.08 0.02 -0.09 0.01 -0.03 0.16 0.00,,,Polite,0.65
47,Polite,SE,"Opps, how come your archive links to the article's talk page archive? I'm going to fix it for you, ok?",NO_QUESTION,,0.3333 0.0 0.0 0.0 0.0 0.0 0.0 0.0 0.0 0.0 0.0 0.0 0.6667 0.6667 0.6667 1.0 1.0 0.6667 0.6667 0.6667, 1213.56 3105.89 0.0 2449.37 4006.99 0.0 0.0 0.0 338.2 0.0 0.0 0.0 0.0 3376.22 0.0 0.0 3221.74 0.0 1612.62 0.0, 190.23 538.97 0 584.51 1081.47 0 0 0 0.0 0 0 0 0 880.22 0 0 830.94 0 317.55 0, 401.35 1286.95 0 979.7 1708.66 0 0 0 0.0 0 0 0 0 1413.46 0 0 1341.17 0 588.11 0, 0.0 5.13 0.0 0.96 6.89 0.0 0.0 0.0 0.0 0.0 0.0 0.0 0.0 2.04 0.0 0.0 0.33 0.0 0.0 0.0, 0.0 2.69 0.0 1.8 5.04 0.0 0 0.0 0.0 0.0 0 0.65 0 1.85 0.0 0.0 3.46 0.0 0.0 0, 0.0 3.16 0.0 1.87 5.07 0.0 0 0.0 0.0 0.0 0 0.0 0 1.75 0.0 0.0 3.35 0.0 0.0 0,0.00 0.35 0.13 0.07 -0.11 0.06 0.03 0.55 0.12 0.06 0.06 0.00 0.05 0.04 0.07 -0.14 0.17 -0.16 -0.01 0.01 -0.05 -0.05 0.00 -0.05 0.02 -0.04 0.03 -0.09 0.61 -0.17 0.00,0.18333333333333335 -0.11 0.06 0.03 0.55 0.12 0.06 0.06 0.03 0.07 -0.14 0.0050000000000000044 -0.016666666666666666 -0.05 0.0 -0.05 0.02 -0.04 -0.03 0.21999999999999997,,Impolite,0.3
48,Polite,SE,"Thanks for the heads-up on that; I don't really have anything to add beyond what you'd said. By the way, I noticed you said you weren't an admin: would you like to be?",NO_QUESTION,,0.3333 0.0 0.0 0.0 0.0 0.0 0.0 0.0 1.0 0.0 0.3333 0.6667 0.3333 0.3333 1.0 0.0, 4429.8 0.0 0.0 6051.8 0.0 2421.62 0.0 0.0 3824.77 3181.13 2704.83 0.0 2434.49 0.0 2653.33 0.0 2305.76 0.0 0.0 1803.72 0.0 3889.14 0.0 0.0 2357.26 2588.97 0.0 567.91 2653.33 0.0 5421.02 0.0 0.0, 859.0 0 0 1472.49 0 576.3 0 0 1023.97 818.61 666.65 0 580.4 0 650.22 0 539.33 0 0 379.16 0 1044.5 0 0 555.76 629.69 0 221.88 650.22 0 1533.25 0 0, 1907.47 0 0 2666.56 0 967.65 0 0 1624.32 1323.1 1100.19 0 973.67 0 1076.09 0 913.43 0 0 678.47 0 1654.44 0 0 937.53 1045.97 0 337.12 1076.09 0 2371.36 0 0, 0.0 0.0 0.0 6.12 0.0 0.0 0.24 0.0 0.0 0.6 0.0 0.0 0.0 0.0 5.32 0.0 0.0 0.0 0.0 0.96 1.33 0.0 0.0 0.0 1.12 1.14 0.0 0.0 0.0 0.0 2.62 0.0 0.0, 0.0 0.0 0.0 4.52 0 0.0 2.59 0.8 0.0 0.06 0.0 0 0.0 0.0 5.57 0.0 0.0 0.0 0.0 0.0 0 0.13 0.0 0 3.99 0.0 0.0 0.0 2.62 0.0 0.0 0 0.0, 0.6 0.0 0.0 5.16 0 0.0 2.4 0.72 0.0 0.15 0.0 0 0.0 0.27 5.13 0.0 0.0 0.0 0.0 0.0 0 0.0 0.0 0 3.8 0.0 0.0 0.0 2.05 0.0 0.0 0 0.0,0.00 0.27 0.13 0.17 0.13 -0.03 0.08 0.11 0.07 -0.20 0.09 0.00 0.07 0.09 -0.47 0.11 0.16 0.17 -0.04 -0.15 -0.09 0.55 0.07 0.02 0.24 -0.13 0.04 -0.06 0.26 0.02 0.08 0.00,,,Polite,0.99
49,Polite,SE,"Hey Love, as you wish, if you  have any suggestions about my section, let me know.  Is English a second language for you?",NO_QUESTION,,0.0 1.0 1.0 1.0 1.0 0.0 0.0 0.0 0.0 0.0 0.0 0.0 0.0 0.3333 0.3333 0.3333 0.0 0.0 0.0 0.0 0.0 0.0 0.0,,,, 0.0 9.68 3.6 0.0 0.22 1.34 3.94 5.08 0.84 2.48 0.0 0.0 4.08 0.0 2.84 0.0 0.0 1.17 3.48 2.13 1.42 0.41 0.0, 0.0 10.29 4.51 0.0 0.0 0.0 4.01 4.81 0.39 0.56 2.07 0.0 1.5 0.0 0.81 0.0 0.0 0.0 4.7 1.91 1.92 3.15 0.0, 0.0 11.72 3.82 0.0 0.0 0.0 3.45 5.86 0.15 0.55 1.9 0.0 3.21 0.0 0.82 0.0 0.0 0.0 3.83 1.82 1.24 2.82 0.0,0.00 0.95 0.00 0.09 0.02 0.04 -0.05 0.06 -0.04 0.04 -0.02 -0.02 0.07 0.01 -0.05 0.05 0.03 -0.06 -0.02 0.01 0.03 -0.02 -0.21 0.06 0.02 -0.00 -0.08 -0.09 0.01 0.00,0.95 0.045 0.02 0.04 0.0049999999999999975 -0.04 0.01 -0.02 0.07 0.01 -0.05 0.05 0.03 -0.06 -0.02 0.006666666666666667 -0.21 0.06 0.02 0.0 -0.08 -0.09 0.01,,Polite,0.98
50,Polite,Tweet,@marcdeacon_ Happy Birthday Marc have a good one! Xx,NO_QUESTION,,0.0 1.0 1.0 0.3333 0.0 0.0 0.0 0.0 0.0,,,, 0.0 0.0 0.29 0.0 0.0 6.26 2.51 2.02 0.02, 0.0 0.7 0.24 0.8 0.33 0 0.0 0.16 3.7, 0.0 0.58 0.13 1.15 0.42 0 0.18 0.06 2.95,0.00 0.65 0.10 0.12 0.03 0.05 0.00 0.35 0.48 0.03 0.06 -0.11 -0.18 0.06 0.20 -0.33 0.00,0.15833333333333335 0.35 0.48 0.03 0.06 -0.11 -0.18 0.13 -0.33,,Polite,0.9
51,Polite,Tweet,"@apinknumjoo Hello, namjoo unnie! Welcome to paradox. i'm deeply sorry for the late greeting  Chaey is wishing you to have a pleasant +",NO_QUESTION,,0.0 0.0 0.0 0.0 0.0 0.0 0.0 0.0 0.3333 0.6667 0.3333 0.3333 0.3333 0.3333 0.0 0.0 0.3333 0.0 0.0 0.3333 0.3333 1.0 0.0, 4036.53 0.0 2208.57 0.0 2440.28 0.0 3135.42 0.0 1564.92 0.0 1487.69 2646.25 4203.88 4718.8 2041.22 0.0 2260.06 0.0 0.0 1461.94 2092.71 2491.78 0.0, 972.74 0 542.53 0 560.46 0 742.24 0 452.18 0 312.54 585.17 1179.13 1159.41 488.14 0 489.96 0 0 304.32 505.57 675.89 0, 1754.06 0 898.58 0 1007.02 0 1332.35 0 712.36 0 561.21 1103.41 1832.38 1889.36 819.26 0 853.68 0 0 549.16 844.36 1074.12 0, 0.0 0.0 4.46 0.0 0.0 0.0 3.46 0.0 0.0 0.0 1.05 2.56 0.7 0.0 0.0 0.84 1.67 1.71 0.0 0.0 1.9 0.0 2.39, 0.0 0.0 2.87 0.0 0.0 0.0 1.45 0 0.0 0.0 0 2.44 0.84 0.09 0.0 0.0 1.26 0.0 0.0 0.01 0.0 0.0 0.0, 0.0 0.0 3.38 0.0 0.0 0.0 1.93 0 0.0 0.0 0 2.44 0.75 0.23 0.0 0.0 1.72 0.0 0.0 0.0 0.0 0.0 0.0,0.00 0.20 0.21 0.24 0.05 -0.09 -0.07 0.08 0.01 0.48 0.03 -0.01 -0.03 0.49 0.04 -0.12 0.03 0.04 0.03 0.07 -0.01 0.01 0.26 -0.37 -0.01 0.09 -0.02 -0.06 0.26 -0.14 -0.08 0.04 0.08 0.04 -0.10 -0.02 0.00 -0.09 0.00,0.20500000000000002 0.03666666666666666 0.48 0.10400000000000001 -0.12 0.03 0.035 0.023333333333333334 0.26 -0.37 -0.01 0.09 -0.02 0.1 -0.14 -0.08 0.04 0.08 0.04 -0.1 -0.02 0.0 -0.09,,Polite,0.95
52,Polite,Tweet,Hey Sai - I'm having trouble picturing it my head. Any chance you have a design or a sketch for it?,This person seems like a good coworker.,,0.3333 0.0 0.0 0.6667 0.6667 0.6667 0.0 0.0 0.0 0.0 0.6667 0.6667 0.0 0.0 0.0 0.0 0.0 0.0 0.0 0.0 0.3333, 0.0 2096.19 944.37 1126.07 1253.32 1890.23 719.1 1337.0 783.46 1158.26 931.19 1561.96 1697.13 377.96 0.0 1684.26 0.0 0.0 3035.92 0.0 739.88, 0 491.28 439.86 340.29 687.0 425.57 329.11 690.39 337.18 546.82 119.59 296.34 363.97 240.43 0 513.36 0 0 780.6 0 279.86, 0 829.73 747.97 887.39 1087.15 733.33 570.11 1115.46 597.36 917.51 284.51 579.71 642.97 379.82 0 790.44 0 0 1259.01 0 525.92, 0.0 0.0 1.21 4.39 0.0 1.09 0.0 0.0 0.0 2.8 0.0 0.0 2.4 0.0 0.0 1.41 3.56 0.0 0.54 1.61 0.0, 1.52 0.0 0.17 2.03 0.0 0.0 0.0 1.72 0.0 2.17 0.0 0.0 0.0 0.0 0 0.36 4.29 0 0.0 4.21 0.0, 1.24 0.0 0.08 2.38 0.0 0.0 0.0 1.44 0.0 1.92 0.0 0.0 0.0 0.0 0 0.27 3.75 0 0.0 3.89 0.0,0.00 0.97 -0.12 0.05 0.08 0.04 -0.01 -0.01 0.14 0.02 -0.02 0.02 0.00 0.05 0.07 0.02 0.02 -0.00 -0.01 0.01 -0.01 0.00 0.02 -0.04 0.00 -0.01 -0.00 0.00,0.97 -0.12 0.05 0.03666666666666667 -0.01 0.14 0.02 0.0 0.0 0.060000000000000005 0.02 0.02 0.0 -0.01 0.01 -0.01 0.0 0.02 -0.04 0.0 -0.005,,Polite,0.91
53,Polite,Tweet,Thanks for the recent follow @discoverdelicio @johnmilley58 @OrbeauCustomer Happy to connect :) have a great Tuesday.,NO_QUESTION,,0.3333 0.0 0.0 0.0 0.0 0.0 0.0 0.0 1.0 0.0 0.3333 0.6667 0.3333 0.3333 1.0 0.0, 3273.11 2668.08 2101.67 0.0 2590.84 3401.84 3517.7 2384.88 3659.3 4959.47 3080.02 2771.06 1651.12 0.0 1071.83 1651.12, 810.74 657.71 477.0 0 633.07 887.81 928.78 599.36 973.96 1388.77 789.14 690.57 458.25 0 325.43 325.25, 1323.32 1080.17 815.09 0 1044.02 1419.56 1477.78 979.63 1544.05 2152.53 1272.95 1128.36 729.23 0 510.13 596.23, 4.86 2.88 1.63 1.6 0.0 0.0 38.08 0.31 2.32 10.1 0.0 2.17 0.83 0.0 0.0 0.0, 0.68 0.11 0.58 9.23 0.0 0.0 30.43 0.68 0.17 0.88 0.0 1.04 0.0 0 0.0 0.0, 0.57 0.29 0.83 9.09 0.0 0.0 33.77 1.24 0.01 0.99 0.0 1.14 0.0 0 0.0 0.0,0.00 0.27 0.13 0.17 0.13 -0.03 0.08 0.11 0.07 -0.20 0.09 0.00 0.07 0.09 -0.47 0.11 0.16 0.17 -0.04 -0.15 -0.09 0.55 0.07 0.02 0.24 -0.13 0.04 -0.06 0.26 0.02 0.08 0.00,0.27 0.13 0.17 0.13 -0.03 0.095 -0.010000000000000002 -0.00799999999999999 0.08800000000000001 0.07 0.02 0.05499999999999999 0.04 -0.06 0.26 0.05,,Polite,0.97
54,Polite,SE,"I will understand if you decline, but would very much like you to accept.  May I nominate you?",The author of the post seems excessively respectful.,,0.0 0.0 0.6667 0.0 0.0 0.0 0.0 0.0 0.0 0.0 0.6667 0.0 0.0 0.3333 0.6667 0.3333 0.6667 0.3333, 0.0 0.0 1050.5 0.0 406.85 2170.44 0.0 2415.03 1707.02 1024.75 0.0 0.0 548.45 1758.51 0.0 0.0 5646.14 1179.23, 0 0 321.32 0 132.97 486.64 0 596.67 356.78 177.11 0 0 38.15 391.21 0 0 1540.55 211.39, 0 0 642.48 0 228.25 844.61 0 991.07 645.73 364.43 0 0 154.52 687.82 0 0 2416.22 421.72, 0.0 2.68 0.0 0.0 0.96 0.0 0.0 6.51 1.9 0.0 3.87 0.0 0.0 0.0 0.0 0.0 9.52 2.55, 0 0.0 0.0 0.0 2.33 0.31 0.84 2.06 0.0 0.0 5.33 2.27 0.0 0.0 0.0 0.0 7.06 0, 0 0.16 0.0 0.0 1.64 0.54 0.49 2.24 0.0 0.0 5.79 2.08 0.0 0.04 0.0 0.0 6.89 0,0.00 0.29 0.21 -0.06 0.19 0.49 -0.38 0.10 0.02 0.03 0.31 0.18 -0.09 0.29 -0.21 0.28 -0.04 -0.12 -0.08 -0.04 -0.09 -0.25 0.00,0.29 0.21 -0.06 0.19 0.49 -0.14 0.02 0.03 0.31 0.18 -0.09 0.29 -0.21 0.04000000000000001 -0.08 -0.04 -0.09 -0.25,,Polite,0.96
55,Polite,Tweet,"@jonlovett All that said, you're hilarious and smart. Lovett or Leave It is brilliant. Please come do a live show in Florida!",The author of the tweet likely lives in Florida.,,0.0 0.0 0.0 0.0 0.0 0.6667 0.0 0.6667 0.0 0.0 0.0 0.0 0.0 0.6667 1.0 0.0 0.0 0.0 0.0 0.0 0.0 0.0,,,, 0.0 0.0 0.0 0.0 6.66 0.0 0.0 4.82 0.0 0.0 5.07 0.0 0.0 9.7 0.0 0.0 2.86 0.0 0.0 12.4 0.0 0.0, 0.0 0 0.0 0 2.69 0 0 2.07 0.0 0 0.0 0 0 8.88 0.0 0 0.0 0 0 8.76 0 0.0, 0.0 0 0.0 0 2.49 0 0 1.74 0.0 0 1.72 0 0 7.84 0.0 0 0.0 0 0 7.94 0 0.0,0.00 -0.26 0.08 0.05 -0.00 -0.05 0.01 0.07 0.01 -0.01 0.07 0.06 -0.08 -0.03 0.46 -0.08 0.05 0.13 0.06 0.03 -0.09 -0.06 0.65 -0.03 0.36 -0.11 -0.21 0.05 0.00 0.00 0.00 0.14 -0.09 0.00,-0.09 0.0 0.01 0.04 0.04 -0.08 -0.03 0.19 0.05 0.095 0.03 -0.09 -0.06 0.31 0.36 -0.11 -0.21 0.05 0.0 0.0 0.0 0.02500000000000001,,Impolite,0.18
56,Polite,Tweet,@svante - I'm fine with that! Care to give any feedback on what I SHOULD be using?,NO_QUESTION,,0.0 0.0 0.0 0.0 0.0 0.0 0.3333 0.3333 0.0 0.0 0.0 0.0 0.0 0.0 0.0 0.0 0.0,,,, 0.67 5.4 4.42 2.7 4.1 1.93 0.0 1.33 0.0 3.31 0.0 0.0 3.51 0.0 0.0 5.69 0.0, 0.0 0 1.43 2.55 2.66 0.0 0 0.0 0 0.0 0.0 0 0.0 0 0.0 1.68 0, 0.0 0 1.38 2.15 2.45 0.0 0 0.0 0 0.0 0.0 0 0.0 0 0.0 1.38 0,0.00 0.37 0.11 -0.04 0.29 -0.01 0.05 0.04 -0.20 0.03 0.10 0.16 -0.12 0.13 -0.18 0.10 0.36 -0.04 -0.23 -0.17 -0.24 -0.09 0.11 -0.56 0.00,0.24 0.12499999999999999 0.02666666666666667 -0.2 0.03 0.13 -0.12 0.13 -0.18 0.1 0.36 -0.04 -0.23 -0.17 -0.24 -0.09 -0.22500000000000003,,Impolite,0.97
57,Polite,SE,More important than how they work is how to shut them down.  Any tips on what the recipient of such a message should do?,NO_QUESTION,,0.0 0.0 0.0 0.0 0.0 0.0 0.0 0.0 0.0 0.0 0.0 0.0 0.0 0.0 0.0 0.0 0.0 0.0 0.0 0.0 0.0 0.0 0.0 0.0, 0.0 6692.52 964.43 2547.43 0.0 2991.55 0.0 147.0 0.0 2431.57 0.0 4156.55 1182.89 1569.08 0.0 1202.58 1041.67 2289.97 455.95 2959.36 552.49 893.63 1903.78 2096.88, 0 1646.78 468.61 598.8 0 786.99 0 259.01 0 608.34 0 951.18 209.95 297.16 0 620.57 517.89 627.66 144.15 776.73 205.75 423.43 439.95 501.55, 0 2801.03 790.14 1009.14 0 1263.49 0 337.03 0 1001.42 0 1808.71 417.05 561.78 0 1013.05 862.44 999.66 314.21 1248.43 404.57 723.87 754.42 844.79, 0.0 0.0 0.0 6.11 0.0 2.98 2.91 2.8 0.0 2.5 0.0 2.92 0.0 3.81 0.0 4.13 0.0 1.98 1.91 4.76 0.0 1.67 0.0 0.0, 2.04 0.0 0.0 5.53 0.82 1.47 11.9 2.5 0.0 0.16 0.0 2.25 0.0 0.96 7.37 4.63 0.17 0.82 0 1.3 0.0 4.61 0.0 0.0, 1.84 0.0 0.0 5.26 1.31 1.16 10.77 2.01 0.0 0.0 0.0 3.86 0.0 0.97 6.47 4.53 0.16 0.0 0 0.97 0.0 3.34 0.0 0.0,0.00 0.24 0.05 -0.03 0.01 0.11 -0.08 0.02 0.01 0.01 -0.14 -0.27 0.16 -0.15 0.57 0.29 -0.15 -0.05 0.14 -0.08 0.02 -0.18 0.02 0.00 0.06 -0.22 0.48 0.00,0.24 0.05 -0.03 0.01 0.11 -0.08 0.02 0.01 0.01 -0.14 -0.27 0.19333333333333333 0.29 -0.15 -0.05 0.14 -0.08 0.02 -0.18 0.02 0.0 0.06 -0.22 0.48,,Impolite,0.66
58,Polite,SE,"Thanks, I think Angel Mendez will be a good story for the portal. What do you think?",NO_QUESTION,,1.0 0.0 0.0 0.0 0.0 0.0 0.0 0.0 0.3333 0.0 0.0 0.0 0.0 0.0 0.0 0.0 0.0, 1791.59 3877.01 2563.97 2499.61 800.37 0.0 0.0 3040.27 0.0 3207.62 0.0 1559.88 2744.19 1302.42 2087.67 0.0 1135.07, 481.54 1047.88 628.96 608.43 222.29 0 0 780.92 0 834.32 0 308.61 686.46 226.47 477.0 0 173.08, 775.53 1652.49 1038.0 1007.87 368.64 0 0 1260.9 0 1339.22 0 568.09 1122.34 447.6 815.09 0 369.28, 0.0 12.42 0.0 0.03 0.0 0.0 0.31 6.56 0.0 3.97 0.0 1.47 0.0 0.0 3.8 0.0 1.48, 0.0 6.98 0.0 0.0 0.0 0 7.81 0.29 0 3.76 0 0.0 0.0 0.0 0.0 0.0 0.0, 0.0 6.48 0.0 0.22 0.0 0 7.91 0.45 0 3.56 0 0.0 0.0 0.0 0.0 0.0 0.0,0.00 -0.17 0.08 0.20 -0.22 0.13 -0.06 -0.05 -0.31 -0.15 -0.39 0.03 -0.19 -0.14 0.16 -0.10 -0.46 -0.34 -0.10 -0.24 -0.31 0.00,-0.045000000000000005 0.2 -0.22 0.13 -0.06 -0.05 -0.31 -0.15 -0.39 0.03 -0.19 -0.14 0.03 -0.46 -0.34 -0.1 -0.275,,Impolite,0.98
59,Polite,SE,"Thank you for removing the ""Speedy Deletion"" from my post. I realise that I still need to do more work on the post itself, but are the sources that I am using acceptable?",The author of the post is not very conscientious.,,0.6667 0.6667 0.0 0.0 0.0 0.0 0.0 0.0 0.0 0.0 0.3333 0.3333 0.0 0.0 0.0 0.0 0.0 0.0 0.0 0.0 0.0 0.0 0.0 0.0 0.0 0.3333 0.0 0.0 0.0 0.0 0.0 0.0 0.3333,,,, 0.0 3.94 0.0 0.0 0.0 1.9 0.0 0.0 0.0 5.46 0.0 0.0 0.0 0.0 3.8 0.0 0.0 0.0 0.18 1.18 0.0 0.0 1.46 3.63 15.29 0.0 8.36 0.0 0.0 0.0 6.55 0.0 0.0, 0.0 0.0 0 0.0 0 0.6 0.0 0.0 0 2.33 0 0.0 0 0 0.0 0 0 0 0.0 0.0 0 0 0.0 0.99 11.33 0 4.08 0.0 0 0 2.58 0 0.0, 0.0 0.0 0 0.0 0 0.0 0.0 0.0 0 1.91 0 0.0 0 0 0.0 0 0 0 0.0 0.01 0 0 0.0 2.0 10.33 0 3.49 0.0 0 0 2.42 0 0.0,0.00 -0.40 -0.15 0.02 0.48 -0.07 -0.13 -0.09 -0.04 0.13 -0.02 -0.15 0.02 0.19 0.17 0.05 0.23 -0.53 0.03 0.06 -0.09 0.10 -0.03 -0.06 -0.07 -0.12 -0.09 0.04 -0.18 -0.01 0.02 0.01 -0.06 0.01 -0.02 -0.01 0.12 -0.01 -0.05 -0.03 0.07 0.00,-0.4 -0.15 0.02 0.48 -0.07 -0.11 -0.02 0.02 0.19 0.11000000000000001 0.23 -0.53 0.03 0.06 -0.09 0.1 -0.03 -0.06 -0.07 -0.12 -0.09 0.04 -0.18 0.005 0.01 -0.06 0.01 -0.02 -0.01 0.12 -0.01 -0.05 0.020000000000000004,,Impolite,0.97
60,Polite,SE,"Yes, this is a nice illustration. I'd love to have a look of the code; is it possible for you to mail it to me?",NO_QUESTION,,0.0 0.0 0.0 0.0 1.0 0.0 0.0 0.6667 0.0 0.0 0.0 0.0 0.0 0.0 0.0 0.0 0.0 0.3333 0.3333 0.3333 0.0 0.0 0.0 0.0 0.0,,,, 0.0 1.51 0.0 0.0 5.5 0.0 0.0 4.49 0.0 0.0 5.97 0.0 2.94 0.0 13.88 0.0 0.0 2.73 0.0 5.59 0.0 1.58 0.0 0.0 0.0, 0.0 0.31 0 0 4.69 0 0 2.46 0 0 0.0 0 0.0 0 7.8 0 0 1.8 0 3.2 0 0.0 0 0.0 0, 0.0 0.35 0 0 3.82 0 0 2.2 0 0 0.0 0 0.06 0 10.5 0 0 1.18 0 3.13 0 0.0 0 0.0 0,0.00 -0.14 -0.13 0.17 -0.36 -0.13 -0.06 0.12 -0.08 0.17 0.08 0.21 0.08 -0.02 -0.34 -0.04 -0.06 0.00 0.13 -0.23 -0.34 -0.26 -0.20 -0.03 -0.05 -0.12 -0.14 -0.32 -0.21 -0.21 -0.08 -0.19 0.00,-0.135 0.17 -0.36 -0.13 -0.06 0.019999999999999997 0.15333333333333332 0.08 -0.02 -0.34 -0.04 -0.06 0.0 0.13 -0.28500000000000003 -0.26 -0.2 -0.03 -0.05 -0.12 -0.14 -0.32 -0.21 -0.21 -0.135,,Impolite,0.99
61,Polite,Tweet,Happy to share my new video preview with some of my local fav's!#compose #excitement @CBCMusic @Musicyyc  @CJSW @BreakOutWest @HifiClub,NO_QUESTION,,0.6667 0.3333 0.3333 0.0 0.0 0.0 0.0 0.0 0.0 0.0 0.0 0.3333 0.3333 1.0 0.0 0.0 0.0 0.0 0.0,,,,,,,0.00 0.86 0.02 -0.04 0.26 -0.04 -0.05 0.07 0.03 0.06 0.06 0.03 0.06 0.04 0.10 0.02 -0.06 0.14 -0.06 0.26 0.18 -0.01 0.08 -0.01 -0.10 -0.06 0.05 0.02 0.02 0.02 -0.01 0.01 -0.02 -0.01 0.01 -0.07 -0.01 0.01 0.01 0.00 -0.01 0.01 0.00,,,Impolite,0.84
62,Polite,SE,Hi - how's it going?  Do you need more time?,NO_QUESTION,,0.0 0.0 0.3333 0.3333 0.3333 0.3333 0.3333 0.3333 0.0 0.0,,,,,,,0.00 0.91 0.23 0.06 0.13 -0.02 0.06 0.02 0.06 -0.12 -0.09 -0.02 -0.23 -0.10 0.06 0.00,,,Impolite,0.98
63,Polite,Tweet,I am really flattered and happy to hear those complements for my blog! You guys motivates me to write more for my blog. Thank you! sml,The author of the tweet has a blog.,,0.0 0.0 0.0 0.3333 0.0 0.6667 0.0 0.0 0.0 0.0 0.0 0.0 0.0 0.0 0.0 0.0 0.0 0.0 0.0 0.0 0.0 0.0 0.0 0.3333 0.3333 0.3333,,,,,,,0.00 -0.11 0.02 0.12 0.63 -0.31 0.02 -0.01 0.07 -0.07 0.00 0.05 0.03 -0.05 -0.03 0.36 0.05 -0.07 -0.05 -0.09 0.26 -0.06 0.03 0.02 0.11 -0.06 -0.02 -0.01 0.23 0.06 -0.38 -0.02 0.11 0.11 -0.10 0.00,,,Impolite,0.97
64,Polite,SE,"Hey, I found <url> and at around 1:10, I think I can see the Backstreet Boys holding platinum discs (or double platinum, I'm not sure) for Backstreet's Back and Millennium. Can you please verify and is it possible to use this as a source for adding South African certifications?",NO_QUESTION,,0.3333 0.0 0.0 0.0 0.0 0.0 0.0 0.0 0.0 0.0 0.0 0.0 0.0 0.0 0.0 0.0 0.0 0.0 0.0 0.0 0.0 0.0 0.0 0.0 0.0 0.0 0.0 0.0 0.0 0.0 0.0 0.0 0.6667 0.0 0.0 0.0 0.0 0.0 0.0 0.0 0.0 0.0 0.0 0.0 0.0 0.0 0.0 0.0 0.0,,,,,,,0.00 0.82 -0.05 0.05 -0.08 0.00 0.02 0.01 0.00 0.03 -0.00 -0.01 0.03 0.01 0.03 0.04 0.02 -0.04 0.03 -0.00 -0.02 0.04 -0.01 0.02 -0.02 -0.05 0.03 0.03 0.02 -0.00 -0.00 0.01 0.02 0.05 0.04 0.01 0.02 -0.00 -0.01 -0.00 0.00 0.02 -0.00 0.01 -0.01 -0.00 -0.02 -0.02 0.09 -0.02 -0.04 -0.10 0.48 -0.13 0.07 -0.02 -0.01 -0.03 0.02 -0.03 0.04 -0.01 0.02 -0.02 -0.02 -0.07 0.04 -0.01 0.07 -0.02 -0.08 0.00,,,Impolite,0.91
65,Polite,SE,Thank you for your kind comment.   Do you have a suggestion where the portals should be placed in the article?,NO_QUESTION,,0.6667 0.6667 0.0 0.0 0.0 0.0 0.0 0.0 0.0 0.0 0.3333 0.3333 0.0 0.0 0.0 0.0 0.0 0.0 0.0 0.0 0.0 0.0 0.0 0.0 0.0 0.3333 0.0 0.0 0.0 0.0 0.0 0.0 0.3333,,,,,,,0.00 -0.40 -0.15 0.02 0.48 -0.07 -0.13 -0.09 -0.04 0.13 -0.02 -0.15 0.02 0.19 0.17 0.05 0.23 -0.53 0.03 0.06 -0.09 0.10 -0.03 -0.06 -0.07 -0.12 -0.09 0.04 -0.18 -0.01 0.02 0.01 -0.06 0.01 -0.02 -0.01 0.12 -0.01 -0.05 -0.03 0.07 0.00,,,Impolite,0.97
66,Polite,SE,"@Colin Fine: I think it's a good example, especially for the use case described. Could you please add your comment as an answer?",The author of the post is kind.,,0.0 0.0 0.0 0.0 0.0 0.0 0.3333 0.3333 0.0 0.0 0.0 0.0 0.0 0.0 1.0 0.6667 1.0 0.0 0.0 0.0 0.0 0.0 0.0,,,,,,,0.00 0.36 0.54 0.16 0.27 -0.02 0.05 0.03 0.02 0.05 0.14 -0.24 -0.09 -0.02 0.01 -0.05 -0.01 -0.10 -0.01 0.01 0.04 -0.09 -0.04 0.54 -0.02 0.08 0.19 0.02 -0.02 0.09 -0.16 0.00,,,Impolite,0.92
67,Impolite,Tweet,@mtailor 20% Better Than a Tailor? Least a tailor would know #navy vs. #blue. $500 and 4 weeks for an #innacurate suit?,NO_QUESTION,,0.0 0.0 0.0 0.0 0.0 0.0 -0.3333 -0.3333 -0.3333 -0.3333 -0.3333 0.0 0.0 0.0 0.0 0.0 0.0 0.0 0.0 0.0 -0.3333 -0.3333, 0.0 0.0 6563.97 2714.95 0.0 3422.97 8803.86 0.0 2303.02 2200.03 0.0 7066.01 0.0 5933.19 0.0 7014.52 0.0 2032.69 0.0 1002.85 3525.95 2727.83, 0 0 1890.56 662.55 0 888.43 2605.19 0 531.12 498.26 0 1670.74 0 1469.31 0 1779.31 0 444.87 0 116.3 921.29 666.65, 0 0 2895.49 1094.16 0 1425.51 3943.75 0 901.38 853.19 0 3130.44 0 2600.29 0 3106.34 0 774.87 0 292.91 1473.71 1100.19, 0.0 0.0 4.75 1.02 5.69 0.0 14.72 0.0 2.72 0.0 1.02 10.31 0.0 3.74 0.0 3.26 0.0 0.0 0.0 0.03 0.0 0.0, 0.2 0.0 4.19 0.6 4.14 0.0 12.21 0 0.08 0.0 0.27 7.24 0 1.86 0.0 14.1 1.85 2.54 0 0.0 0.0 0.0, 1.21 0.0 3.66 0.83 3.89 0.0 11.8 0 0.16 0.0 0.33 8.57 0 2.28 0.0 15.09 1.75 2.04 0 0.0 0.0 0.0,0.00 0.03 0.29 0.06 -0.31 -0.04 -0.05 -0.07 -0.03 -0.00 -0.07 -0.05 0.16 0.11 -0.06 -0.01 -0.03 0.03 -0.25 0.05 -0.26 -0.05 -0.05 -0.05 -0.07 0.02 0.06 0.18 -0.28 -0.03 0.04 -0.06 0.02 0.04 -0.10 -0.15 -0.65 -0.16 0.00,0.15999999999999998 -0.08499999999999999 -0.07 -0.03 0.0 -0.060000000000000005 0.16 0.11 -0.06 -0.01 -0.03 -0.11 -0.10500000000000001 -0.05000000000000001 -0.025 0.06 0.18 -0.28 -0.03 0.04 -0.019999999999999997 -0.20400000000000001,,Impolite,0.05
68,Impolite,SE,-1: For not specifying what is to be done later with the data. If you claim the question is open-ended (interview and all) then why accept an answer?,NO_QUESTION,,0.0 0.0 0.0 0.0 0.0 0.0 0.0 0.0 0.0 0.0 0.0 0.0 0.0 0.3333 0.3333 0.0 0.3333 0.3333 0.3333 0.3333 0.0 0.0 0.0 0.3333 0.0 0.0 0.3333 0.3333, 0.0 0.0 6893.28 11772.14 3237.36 0.0 3610.68 0.0 3070.01 1448.02 4086.98 0.0 4589.02 0.0 3816.65 2130.29 0.0 2130.29 0.0 5696.1 3572.06 4833.61 0.0 3610.68 3430.46 3044.27 0.0 3417.58, 0 0 1671.67 2865.25 843.26 0 962.36 0 616.86 272.37 1178.32 0 1274.5 0 954.08 574.05 0 813.05 0 1436.71 997.04 1352.53 0 962.36 771.86 775.65 0 822.76, 0 0 3070.2 5353.48 1359.24 0 1533.95 0 1107.92 521.84 1820.86 0 1991.81 0 1556.34 925.14 0 1164.14 0 2509.92 1562.88 2106.28 0 1533.95 1316.61 1262.87 0 1546.58, 0.0 0.0 16.63 10.29 7.29 0.0 0.0 0.12 0.0 0.0 12.8 0.0 3.79 0.0 9.06 0.0 0.33 0.0 2.47 0.0 4.07 0.0 0.0 0.0 1.69 0.0 0.0 0.0, 0.0 0.0 12.37 7.6 6.32 0.19 3.94 0.0 0.0 0.0 6.72 0 0.0 0 4.91 0.0 4.33 0.35 2.97 0.0 2.85 0.65 0.0 1.39 0.0 0.0 0 0.42, 0.0 0.0 13.1 9.23 5.49 0.01 3.88 0.04 0.0 0.0 7.85 0 0.0 0 4.22 0.0 3.81 0.2 4.26 0.0 2.6 0.38 0.0 1.32 0.0 0.0 0 1.69,0.00 -0.25 0.30 0.11 -0.01 -0.05 0.16 0.05 -0.07 0.00 0.03 -0.02 -0.20 -0.16 -0.26 0.07 -0.01 -0.34 -0.14 0.16 0.11 0.01 0.03 -0.10 0.25 -0.12 -0.13 -0.18 -0.17 -0.00 -0.07 -0.12 -0.04 0.33 -0.19 -0.38 -0.10 -0.08 0.00,0.05333333333333332 -0.01 -0.05 0.16 -0.010000000000000002 0.0 0.03 -0.02 -0.2 -0.16 -0.26 0.07 -0.17500000000000002 -0.14 0.16 0.11 0.01 0.03 -0.1 0.0 -0.175 0.0 -0.095 -0.04 0.33 -0.19 -0.38 -0.09,,Impolite,0.06
69,Impolite,Tweet,@Ginoceno Great prediction bro! Nice optimism #FAKEFAN,The author of the tweet likely respects @Ginoceno,,0.0 0.3333 0.3333 0.0 0.0 0.0 -0.6667, 5504.39 3586.31 3830.9 2556.48 4217.09 2389.13 4101.23, 1272.78 941.83 895.86 613.26 1143.07 693.87 1126.11, 2401.48 1503.83 1494.29 1021.87 1799.03 1077.55 2068.81, 0.0 0.0 0.0 0.32 4.86 0.0 0.0, 0.0 0.4 0.0 0.24 5.68 0.0 0.0, 0.0 0.22 0.0 0.34 5.24 0.0 0.0,0.00 0.10 0.17 0.02 0.00 0.41 0.65 -0.19 -0.12 0.31 0.43 0.07 0.11 0.15 0.00,0.135 0.14333333333333334 0.65 -0.155 0.31 0.43 0.10999999999999999,,Polite,0.93
70,Impolite,SE,"<person>, I find this conversation remarkable given that you have twice opted to edit war over referencing format to the detriment of an article's quality in the last 24 hours on <url>. What gives?",NO_QUESTION,,0.0 -0.3333 -0.3333 -0.3333 -0.3333 0.0 0.0 0.0 0.0 0.0 0.0 0.3333 0.0 0.0 0.0 0.0 0.3333 0.0 0.0 0.0 0.3333 0.0 0.0 0.0 0.3333 0.0 0.0 0.0 0.0 0.0 0.0 0.0 -0.3333 -0.3333, 5133.69 0.0 4966.34 0.0 3086.89 3408.71 0.0 3885.01 2134.29 0.0 3112.63 6729.94 0.0 2468.99 3164.13 0.0 5236.67 3267.11 2121.42 0.0 4940.59 0.0 6112.03 4387.06 4219.71 0.0 3022.52 0.0 0.0 2610.59 0.0 7141.87 6420.98 1014.34, 1447.0 0 1393.6 0 751.97 896.65 0 1048.61 490.05 0 802.19 1956.27 0 596.83 818.61 0 1239.85 851.47 485.94 0 1385.39 0 1759.13 1208.79 1049.39 0 773.44 0 0 642.01 0 1804.7 1664.7 179.73, 2244.84 0 2166.52 0 1244.95 1437.56 0 1660.47 841.14 0 1299.0 2991.88 0 997.77 1323.1 0 2293.04 1371.29 835.11 0 2154.47 0 2702.7 1895.42 1817.1 0 1256.83 0 0 1064.04 0 3184.66 2847.29 364.01, 0.0 2.79 0.0 3.24 0.0 0.0 0.0 0.0 4.34 0.0 2.72 1.34 0.0 3.61 0.0 0.0 5.48 0.0 0.0 0.0 2.09 1.44 4.87 1.92 0.0 0.0 0.13 0.0 0.0 0.0 0.0 0.0 6.52 0.0, 0.0 2.83 1.84 4.3 0.0 0.0 0.0 6.31 2.48 0.0 0.23 0.0 0 3.09 0.0 9.69 5.23 0.0 1.17 0 3.5 3.42 16.44 1.03 0.0 0 0.0 0.0 0.0 0.86 0 5.29 3.69 0.0, 0.0 2.82 1.66 3.97 0.0 0.0 0.0 5.64 2.46 0.0 0.31 0.0 0 2.9 0.0 9.81 5.71 0.0 1.37 0 1.95 3.36 15.08 0.59 0.47 0 0.0 0.0 0.0 1.23 0 6.3 4.12 0.0,0.00 -0.28 0.09 0.07 0.07 0.06 0.09 -0.05 0.08 -0.20 -0.14 0.02 -0.06 0.11 -0.19 0.03 -0.23 -0.22 0.04 0.01 -0.13 -0.19 -0.01 -0.20 -0.09 -0.38 0.12 -0.06 -0.23 -0.05 0.17 0.08 0.05 0.05 -0.10 -0.15 -0.08 0.00 -0.12 -0.09 -0.11 -0.02 -0.10 -0.33 -0.28 -0.19 0.00,,,Impolite,0.02
71,Impolite,SE,"Am I indeed ""dishonest"" by responding to you?  Is <url>  correct?",The author of the post strongly dislikes the person they're talking to.,,-0.3333 -0.3333 -0.3333 0.0 0.0 0.0 0.0 0.0 -0.3333 0.0 -0.3333,0, 0 0, 0 0, 0.39 0.0 3.74 4.97 0.25 0.0 2.93 0.0 1.51 0.0 0.0, 0.0 1.46 1.93 3.55 1.78 0.0 4.06 0.0 1.76 0.0 0.04, 0.0 0.64 1.56 3.7 1.66 0.0 3.44 0.0 1.22 0.0 0.0,0.00 -0.05 0.22 0.05 0.27 0.06 -0.08 -0.10 0.02 -0.17 -0.07 -0.16 -0.05 -0.16 -0.54 0.13 -0.18 -0.41 0.14 -0.14 -0.46 0.00,-0.05 0.22 0.05 0.033999999999999996 -0.17 -0.07 -0.16 -0.25 0.13 -0.1475 -0.46,,Impolite,0.02
72,Impolite,Tweet,@Delta.  Are you kidding?  Delayed from 7:30pm to 11:00 - only to cancel it because the pilot is overtime.,The author of the tweet is respectful.,,0.0 -0.6667 -0.6667 -0.6667 0.0 0.0 0.0 0.0 0.0 0.0 -0.3333 -0.3333 -0.3333 -0.3333 -0.3333 -0.3333 -0.3333 -0.3333 -0.3333,,,, 0.0 0.0 0.0 6.31 0.0 1.68 0.0 0.0 1.04 0.0 1.54 0.0 0.0 0.0 4.64 0.0 0.0 4.32 1.3, 0.0 0.0 0.0 4.43 0.0 1.1 0.0 4.33 0.0 0.0 2.09 0.0 0.0 0.54 1.01 0.0 0.0 0.0 0.75, 0.0 0.0 0.0 4.31 0.0 0.77 0.0 3.19 0.0 0.0 1.63 0.0 0.0 0.21 1.37 0.0 0.0 0.0 0.34,0.00 0.02 0.56 -0.02 -0.15 0.25 -0.63 -0.01 0.24 0.05 0.10 -0.01 0.04 0.00 -0.01 0.07 -0.02 0.11 -0.01 -0.01 -0.15 0.08 -0.06 0.01 0.02 0.10 -0.26 -0.08 0.03 0.00,0.10250000000000001 0.25 -0.63 0.11499999999999999 0.05 0.1 0.015 -0.005 0.05333333333333334 -0.01 -0.01 -0.15 0.08 -0.06 0.01 0.02 0.1 -0.26 -0.025,,Impolite,0.03
73,Impolite,SE,"How about this for a novel solution?  The next time a banned editor posts something to your page, why not delete it yourself with an edit summary of ""Sorry, I'm topic-banned from discussing this""?",NO_QUESTION,,0.3333 0.3333 0.3333 0.0 0.0 -0.3333 -0.3333 0.0 0.0 0.0 0.0 0.0 0.0 0.0 0.0 0.0 0.0 0.0 0.3333 0.3333 0.3333 0.3333 0.3333 0.0 0.0 0.0 0.0 0.0 0.0 0.0 0.0 0.0 0.0 0.0, 0.0 172.26 983.26 532.71 0.0 944.64 403.98 0.0 1034.75 1794.26 0.0 1305.08 3892.55 1240.72 2025.97 1961.6 1176.35 1549.67 0.0 2759.73 378.23 0.0 159.39 1781.38 0.0 2631.0 1214.97 0.0 1163.48 0.0 944.64 2283.43 2244.81 0.0, 0 0.0 175.68 20.93 0 287.36 0.0 0 213.11 415.43 0 318.36 893.88 390.82 479.35 499.82 490.29 345.39 0 620.46 0.0 0 0.0 406.32 0 690.39 297.61 0 243.18 0 187.36 579.5 704.18 0, 0 28.79 355.33 133.47 0 461.26 73.23 0 400.43 715.87 0 545.94 1506.86 608.82 814.31 825.19 698.7 609.41 0 1064.71 61.18 0 0.0 704.85 0 1115.46 511.77 0 449.67 0 361.26 952.8 1156.73 0, 1.09 0.0 3.2 3.05 0.0 0.0 0.0 0.0 0.0 4.23 2.68 0.0 4.03 0.0 4.21 0.17 0.0 2.24 3.14 0.0 2.39 3.09 4.07 5.45 0.0 0.0 5.34 0.0 0.0 0.0 4.17 3.62 0.0 0.86, 0 0.0 2.61 2.24 0.0 0.0 0.0 2.7 0.0 2.39 0 2.36 1.03 0.0 2.98 0.85 0.0 2.72 0 0.0 3.21 0 1.24 0 0.0 0.0 4.33 0.0 0.0 0.0 3.67 3.21 0.0 0.1, 0 0.0 2.45 2.5 0.0 0.0 0.0 3.96 0.0 2.26 0 1.3 0.92 0.0 3.14 0.68 0.0 3.26 0 0.0 3.54 0 1.33 0 0.0 0.0 3.72 0.0 0.0 0.0 3.67 2.59 0.0 0.0,0.00 -0.14 0.16 0.10 0.01 -0.02 0.00 -0.17 -0.04 0.05 0.03 0.12 0.03 -0.28 -0.15 0.17 -0.10 0.01 0.09 0.11 -0.19 -0.14 -0.17 0.06 -0.15 -0.06 -0.01 -0.12 -0.05 -0.08 -0.01 0.18 -0.09 0.06 -0.08 0.12 -0.01 0.05 -0.03 -0.01 -0.53 -0.27 -0.28 -0.20 -0.21 -0.10 0.00,-0.14 0.16 0.1 0.01 -0.02 0.0 -0.053333333333333344 0.03 0.12 0.03 -0.28 -0.15 0.17 -0.1 0.01 0.09 0.11 -0.19 -0.14 -0.17 0.06 -0.105 -0.01 -0.12 -0.05 -0.08 -0.01 0.18 -0.03666666666666667 0.05333333333333334 -0.19000000000000003 -0.27 -0.28 -0.17,,Impolite,0.03
74,Impolite,SE,"Apparently, you correctly answered your own question: The watch window gets the value of a variable by calling its `ToString` method. So, what's your *actual* question?",NO_QUESTION,,-0.3333 0.3333 0.3333 0.3333 0.0 0.0 0.0 0.0 0.0 0.0 0.0 0.0 0.0 0.0 0.0 0.0 0.0 0.0 0.0 0.0 0.0 -0.3333 0.0 0.0 -0.3333 0.0, 2091.63 0.0 2297.6 252.48 0.0 548.56 2155.99 1422.24 2112.62 883.25 1050.6 2812.51 1093.97 670.85 0.0 2284.72 0.0 1002.41 0.0 4331.52 1550.96 0.0 2638.73 0.0 3333.87 1060.34, 488.84 0 539.55 146.72 0 291.65 521.37 279.77 1209.66 431.21 522.0 723.33 248.04 279.68 0 632.94 0 440.04 0 992.97 306.84 0 656.89 0 770.17 477.0, 944.74 0 909.63 255.42 0 488.55 870.36 519.47 1971.5 727.82 868.46 1170.11 438.84 513.02 0 1001.11 0 760.87 0 1840.5 565.71 0 1077.78 0 1366.1 815.09, 0.0 0.0 0.0 0.0 0.0 0.0 4.27 4.51 0.0 0.0 0.99 2.01 0.0 0.0 0.0 0.0 0.0 0.0 0.63 0.0 0.0 0.0 0.0 0.0 0.0 0.0, 0.0 0 0.0 0.0 0 0.0 1.83 2.73 0.0 0.0 2.97 0.87 0.0 0.0 0.0 0.0 2.09 0.19 5.83 0.0 0.0 0.0 0.0 2.35 0.0 0.0, 0.0 0 0.0 0.0 0 0.0 1.89 2.62 0.0 0.0 2.55 0.76 0.0 0.0 0.0 0.0 1.7 0.18 5.21 0.0 0.0 0.0 0.0 3.03 0.0 0.0,0.00 -0.13 -0.12 0.04 0.17 0.08 0.21 0.06 -0.13 0.02 0.05 0.16 -0.09 0.04 0.07 0.29 -0.05 0.02 0.40 -0.08 -0.06 -0.03 0.03 0.10 -0.01 -0.04 -0.17 -0.08 -0.17 -0.02 -0.08 0.14 0.02 0.04 0.05 0.23 -0.58 0.19 -0.18 0.10 0.00,-0.125 0.04 0.17 0.08 0.21 0.06 -0.055 0.05 0.16 -0.09 0.04 0.07 0.29 -0.05 0.02 0.4 -0.08 -0.06 -0.03 -0.018 -0.125 -0.05 0.06666666666666667 0.05 -0.05333333333333332 -0.039999999999999994,,Impolite,0.05
75,Impolite,SE,I based my sentence on the citation. Are you saying the citation is wrong?,NO_QUESTION,,0.0 0.0 0.0 0.0 0.0 0.0 0.0 -0.3333 -0.3333 -0.3333 0.0 -0.3333 -0.3333 -0.6667, 0.0 3109.89 0.0 1616.63 0.0 0.0 2208.78 0.0 2260.27 960.1 0.0 5324.04 0.0 0.0, 0 768.25 0 385.82 0 0 598.75 0 522.18 107.36 0 1234.66 0 0, 0 1456.98 0 649.14 0 0 950.26 0 881.36 272.89 0 2315.19 0 0, 0.0 2.73 0.0 0.0 0.15 0.0 0.73 0.0 0.0 0.0 0.0 0.93 0.0 0.0, 0 2.49 0 0.0 0.0 0.0 0.06 0 0.0 0.0 0 0.27 0 0.0, 0 3.31 0 0.0 0.0 0.0 0.24 0 0.0 0.0 0 2.1 0 0.0,0.00 0.24 -0.23 0.51 0.30 -0.15 -0.03 0.13 -0.19 -0.10 0.24 0.24 -0.10 -0.04 -0.49 0.00 -0.31 0.00,0.24 -0.23 0.51 0.3 -0.15 -0.03 -0.03 -0.1 0.24 0.24 -0.1 -0.04 -0.49 -0.155,,Impolite,0.05
77,Impolite,SE,"Doing a redundant `atoi` after you just did `strtol` is probably the most twisted insult to the proper use of string-to-int conversion functions in C one can come up with. Why do you see the need to ""re-convert"" the value using the broken function `atoi` when you already have it as `val` from a proper function `strtol`? ",The author of the post respects the person being addressed,,0.0 0.0 -0.6667 0.0 0.0 -0.3333 -0.3333 -0.3333 0.0 0.0 0.0 0.0 -0.3333 -0.6667 -1.0 0.0 0.0 0.0 0.0 0.0 0.0 0.0 0.0 0.0 0.0 0.0 0.0 0.0 0.0 0.0 -0.6667 -0.6667 -0.6667 -0.6667 -0.6667 -0.6667 0.0 0.0 0.0 0.0 0.0 0.0 0.0 0.0 0.0 0.0 0.0 -0.3333 -0.3333 -0.3333 0.0 0.0 0.0 0.0 -0.3333 0.0 0.0,,,, 7.35 5.41 0.0 0.0 0.0 7.78 0.0 5.73 0.0 0.0 1.53 0.0 10.13 0.26 0.0 0.0 0.0 2.83 0.0 1.5 0.0 0.0 0.0 4.14 0.0 0.25 0.0 0.0 0.0 0.0 4.22 0.0 0.0 0.06 0.41 0.0 7.07 0.0 0.0 5.3 0.0 3.32 0.0 0.0 4.61 3.21 4.82 3.44 6.87 0.0 11.76 2.44 0.0 0.0 5.64 0.0 11.32, 3.15 2.36 0.53 0.0 0 4.4 0.0 1.63 0.0 0 2.22 0 7.93 0.0 0.0 0 0 2.92 0 0.0 0 0.0 0 0.55 0 0.0 0 0 0 0 0.86 0.0 0 0.0 0.0 0 1.37 0.0 0 2.87 0 0.39 0.0 0 1.61 0.0 2.58 1.3 1.54 0 4.2 0.82 0.0 0 0.24 0 11.74, 2.99 2.21 0.0 0.0 0 3.59 0.0 1.93 0.0 0 1.19 0 9.02 0.0 0.0 0 0 2.27 0 0.0 0 0.0 0 0.51 0 0.0 0 0 0 0 0.98 0.0 0 0.0 0.0 0 1.58 0.0 0 2.33 0 0.48 0.0 0 1.19 0.0 2.58 1.0 1.47 0 3.8 0.13 0.0 0 1.56 0 11.62,0.00 -0.40 0.08 0.22 -0.02 0.03 0.01 0.10 0.07 -0.01 0.50 -0.17 0.00 0.04 -0.05 -0.09 -0.08 -0.06 -0.04 0.06 -0.01 0.10 -0.49 -0.04 0.13 0.04 -0.10 -0.02 0.06 -0.05 -0.01 -0.03 0.01 -0.03 -0.02 -0.01 0.02 -0.11 -0.04 0.04 0.08 -0.06 -0.13 0.24 -0.10 -0.00 0.02 0.02 0.02 -0.02 -0.02 -0.05 -0.02 -0.02 0.01 0.05 -0.01 0.02 0.01 0.10 0.01 -0.02 0.02 -0.00 0.01 0.08 -0.01 0.03 -0.03 -0.05 -0.07 -0.04 0.03 -0.03 -0.02 0.02 0.03 -0.06 0.04 0.03 -0.04 -0.10 0.07 -0.07 0.00,-0.4 0.08 0.22 0.03 0.07 -0.01 0.5 -0.17 -0.036 -0.06 -0.04 0.06 -0.01 0.1 -0.49 -0.04 0.13 0.04 -0.1 -0.02 -0.004000000000000001 -0.03 -0.02 -0.01 0.02 -0.11 -0.04 0.04 0.08 -0.095 0.24 -0.1 0.0 0.02 0.02 0.02 -0.02 -0.020000000000000004 0.05 -0.01 0.02 0.01 0.1 0.01 0.0025 0.08 -0.01 0.03 -0.03 -0.05 -0.07 -0.013333333333333334 -0.02 0.02 0.03 -0.06 -0.011666666666666667,,Impolite,0.04
78,Impolite,SE,What is the actual question? And have you considered using punctuation?,NO_QUESTION,,0.0 0.0 0.0 -0.3333 -0.3333 0.0 0.0 0.0 -0.6667 -0.3333 -0.6667,,,,,,,0.00 -0.23 -0.22 0.03 -0.17 -0.21 -0.24 -0.22 -0.31 -0.18 -0.37 -0.45 0.00 -0.36 -0.11 -0.33 0.00,,,Impolite,0.03
79,Impolite,Tweet,@AaronGoodwin your just a big kid at heart arnt you sweetie pie,NO_QUESTION,,NA, 541.09 785.67 4866.4 1879.87 0.0 2986.95 0.0 2562.14 2652.25 0.0 579.71 2716.62, 8.61 221.65 1388.59 435.75 0 704.96 0 694.42 623.17 0 20.93 586.71, 115.4 364.86 2139.63 741.95 0 1176.05 0 1102.24 1154.41 0 133.47 1133.54, 3.88 0.0 0.89 2.35 0.0 0.46 0.0 9.21 4.78 2.84 3.98 7.2, 3.34 0.0 1.79 3.33 0.0 0.0 0.0 3.82 0.64 1.4 3.19 1.87, 2.87 0.0 1.2 2.89 0.0 0.0 0.0 4.29 0.9 1.43 3.01 1.45,,,,NA,0
80,Impolite,Tweet,ughh they need to hurry up im hungry and I got a headache!,The author of the tweet is courteous.,,NA, 1082.6 793.4 3335.37 1514.28 2176.8 1119.51 484.45 2035.2 0.0 0.0 1460.64 1346.94 2106.0, 170.93 319.29 736.67 801.28 520.03 530.39 144.15 591.86 0 0 748.07 694.49 497.45, 359.82 603.38 1452.6 1278.12 871.9 893.41 314.21 922.63 0 0 1212.71 1121.49 838.76, 0.0 0.0 3.12 0.48 0.0 2.23 1.44 0.0 5.76 0.0 0.0 0.0 0.0, 0.0 0.0 1.47 0.0 0.0 3.23 3.06 0.0 10.46 0.0 0.0 3.76 0.0, 0.0 0.0 2.6 0.0 0.0 3.12 2.66 0.0 9.48 0.0 0.0 3.31 0.0,,,,NA,0
81,Impolite,Tweet,"@kevskiezzz But dw, only 2 days of you bullying me than you're going chiefly. BYE KEVIN! gonna miss you at some point.",NO_QUESTION,,NA, 1927.07 0.0 4617.52 3536.19 0.0 4784.87 2120.16 0.0 2210.27 0.0 845.74 1476.51 1991.43 2712.32 1862.7 3214.36 1360.66 3252.98 2171.65 0.0 1399.28 3999.61, 474.82 0 1070.2 945.21 0 1343.59 493.43 0 502.18 0 86.83 282.07 292.36 682.35 411.29 842.53 251.11 854.85 509.86 0 263.43 908.06, 791.82 0 2007.94 1501.88 0 2086.26 839.19 0 861.36 0 242.76 531.96 796.94 1116.32 718.7 1351.27 483.74 1369.34 863.29 0 501.82 1718.76, 9.4 0.0 0.01 0.0 4.04 6.98 4.04 0.0 1.33 0.0 0.96 0.79 0.0 0.0 3.97 0.0 2.54 6.19 0.38 0.0 2.36 3.08, 7.16 0.0 0.17 4.83 9.35 6.05 0.0 0 0.0 0 0.0 0.0 0.0 0.1 3.41 1.69 0.0 2.93 0.99 0 0.0 0.54, 8.59 0.0 1.44 4.52 8.69 5.55 0.0 0 0.11 0 0.0 0.0 0.0 0.0 3.07 1.02 0.0 2.96 0.69 0 0.0 0.75,,,,NA,0
82,Impolite,Tweet,Dear #neighbors. Please shut up! We are trying to #study here. Thank you. #loud,The author of the tweet is likely a student.,,NA,,,, 0.0 0.67 3.69 0.0 0.0 0.0 0.0 1.76 0.0 0.0 6.47 0.0 0.0 0.0, 0.0 1.07 2.93 0.0 0 0 0 0.0 0 0.0 3.27 0 0.0 0, 0.0 0.0 2.54 0.0 0 0 0 0.0 0 0.0 2.91 0 0.0 0,,,,NA,0
83,Impolite,Tweet,@swatatat pls don mind me using ur tweets repeatedly..me bored like hell with travel from last 7hrs..!!,NO_QUESTION,,NA,,,, 0.01 11.1 0.0 0.0 0.02 0.0 12.85 0.0 0.0 0.0 10.82 0.0 7.92 0.0 8.7 5.98 0.0, 0.0 5.35 0.0 0.0 0.0 0.0 10.85 0.0 0.0 0.0 7.2 0 5.36 0.0 6.88 5.73 0, 0.0 5.75 0.0 0.0 0.0 0.0 10.12 0.0 0.0 0.0 6.97 0 5.1 0.0 6.39 5.25 0,,,,NA,0
84,Impolite,Tweet,"@SteveBakerHW When it comes to CREDIBLE scare stories George Osbourne is crap, still at it I see.",The author of the tweet feels positively about George Osbourne.,,0.0 0.0 0.0 0.0 0.0 0.0 0.0 0.0 0.0 0.0 0.0 -1.0 0.0 0.0 0.0 0.0 0.0,,,,,,,0.00 -0.29 0.31 0.14 0.23 -0.07 -0.09 -0.04 -0.01 -0.02 -0.07 -0.10 0.12 -0.24 0.09 -0.02 -0.08 0.03 -0.55 -0.28 0.30 0.05 -0.23 0.11 -0.27 -0.13 0.00,,,Impolite,0.04
85,Impolite,SE,So... you want to implement an exclusive decision tree without using if/elif? Why???,NO_QUESTION,,-0.3333 0.0 0.0 0.0 0.0 0.0 0.0 0.0 0.0 -0.3333 0.0 -0.3333 -0.6667,,,,,,,0.00 -0.20 -0.15 -0.15 -0.17 0.04 0.02 0.11 -0.20 -0.04 -0.24 -0.20 0.03 -0.34 -0.44 -0.20 0.05 -0.09 -0.18 -0.13 -0.14 -0.26 -0.40 -0.29 0.00,,,Impolite,0.02
86,Impolite,Tweet,@Uber very disappointing that support has not responded to my email!! #bad #uber #service,NO_QUESTION,,0.0 0.0 0.3333 0.0 0.0 0.0 0.0 0.0 0.0 0.0 -0.3333 -0.6667 -0.3333 -0.6667,,,,,,,0.00 0.05 0.65 0.04 0.26 0.16 -0.32 -0.03 -0.14 -0.04 -0.03 0.22 -0.20 -0.06 0.04 0.05 0.10 -0.14 0.12 -0.38 0.28 0.00,,,Impolite,0.17
87,Impolite,Tweet,@freemanstanzan2 you're a cowan... that means you're a slimebag. I wouldn't trust you as far as I could throw you. #arsehole @StuartHarker1,NO_QUESTION,,0.0 0.0 0.0 0.0 0.0 0.0 -0.3333 -0.3333 -1.0 -0.3333 -0.3333 -0.3333 -0.3333 -0.3333 -0.3333 -0.3333 -0.3333 -0.3333 -0.3333 -0.3333 -0.6667 0.0,,,,,,,0.00 -0.54 0.24 0.15 0.25 -0.43 0.06 -0.01 -0.04 0.06 0.02 -0.07 -0.05 -0.09 -0.01 -0.06 0.03 0.01 -0.07 0.04 0.14 -0.08 -0.10 -0.07 0.13 0.07 0.00 -0.02 0.04 0.05 -0.06 0.03 -0.03 0.08 -0.08 0.01 0.08 -0.03 -0.24 0.11 0.01 0.05 -0.11 -0.06 -0.17 -0.27 0.24 0.00,,,Impolite,0.08
88,Impolite,SE,"No, I have not read it, as it is of no interest to me or this encyclopedia. Are you claiming that the references make the blog post a reliable source, or why are we still discussing this?",The author of this post is probably someone you'd like to work with.,,0.0 0.0 0.0 0.0 0.0 0.0 0.0 -0.3333 -0.3333 -0.3333 -0.3333 -0.3333 -0.3333 -0.3333 0.0 0.0 0.0 0.0 0.0 0.0 0.0 0.0 0.0 0.0 0.0 0.0 0.0 0.0 0.0 0.0 0.0 -0.3333 -0.3333 -0.3333 -0.3333 -0.3333 -0.3333,,,,,,,0.00 -0.24 -0.18 0.18 -0.06 -0.26 -0.04 0.08 -0.11 -0.17 -0.00 -0.06 -0.04 -0.02 -0.05 0.00 0.03 -0.12 0.03 -0.07 -0.19 0.02 0.07 -0.12 -0.05 0.13 -0.02 -0.36 0.06 -0.09 0.03 -0.04 0.05 -0.20 -0.07 -0.09 -0.01 -0.24 -0.04 -0.26 -0.37 -0.42 -0.12 0.00,,,Impolite,0.02
89,Impolite,SE,User 86.138.232.97 does have a history of malicous edits. Are you then confirming that these malicious edits done by user 86.138.232.97 were done by yourself?,NO_QUESTION,,0.0 0.0 0.0 0.0 0.0 -0.3333 -0.3333 -0.3333 -0.3333 0.0 0.0 0.0 0.0 0.0 0.0 0.0 0.0 0.0 0.0 0.0 0.0 0.0 0.0 0.0 0.0,,,,,,,0.00 0.05 -0.04 -0.12 -0.07 -0.06 -0.14 -0.05 -0.05 -0.04 -0.05 0.05 -0.09 0.01 -0.12 0.44 -0.15 -0.10 -0.03 -0.08 -0.01 0.25 0.42 0.05 0.03 -0.11 -0.13 0.03 0.02 -0.12 -0.33 -0.03 -0.00 -0.15 -0.06 -0.05 -0.07 0.02 -0.18 0.03 -0.11 -0.46 0.01 0.00,,,Impolite,0.03